--
-- PostgreSQL database dump
--

\restrict SXFImge09WO5GQDtaFEGligRyeutbFaqRrdqjGH6Oe9V3QmxwomyGbgtOzRfEG0

-- Dumped from database version 17.6
-- Dumped by pg_dump version 17.6

SET statement_timeout = 0;
SET lock_timeout = 0;
SET idle_in_transaction_session_timeout = 0;
SET transaction_timeout = 0;
SET client_encoding = 'UTF8';
SET standard_conforming_strings = on;
SELECT pg_catalog.set_config('search_path', '', false);
SET check_function_bodies = false;
SET xmloption = content;
SET client_min_messages = warning;
SET row_security = off;

SET default_tablespace = '';

SET default_table_access_method = heap;

--
-- Name: auth_group; Type: TABLE; Schema: public; Owner: postgres
--

CREATE TABLE public.auth_group (
    id integer NOT NULL,
    name character varying(150) NOT NULL
);


ALTER TABLE public.auth_group OWNER TO postgres;

--
-- Name: auth_group_id_seq; Type: SEQUENCE; Schema: public; Owner: postgres
--

ALTER TABLE public.auth_group ALTER COLUMN id ADD GENERATED BY DEFAULT AS IDENTITY (
    SEQUENCE NAME public.auth_group_id_seq
    START WITH 1
    INCREMENT BY 1
    NO MINVALUE
    NO MAXVALUE
    CACHE 1
);


--
-- Name: auth_group_permissions; Type: TABLE; Schema: public; Owner: postgres
--

CREATE TABLE public.auth_group_permissions (
    id bigint NOT NULL,
    group_id integer NOT NULL,
    permission_id integer NOT NULL
);


ALTER TABLE public.auth_group_permissions OWNER TO postgres;

--
-- Name: auth_group_permissions_id_seq; Type: SEQUENCE; Schema: public; Owner: postgres
--

ALTER TABLE public.auth_group_permissions ALTER COLUMN id ADD GENERATED BY DEFAULT AS IDENTITY (
    SEQUENCE NAME public.auth_group_permissions_id_seq
    START WITH 1
    INCREMENT BY 1
    NO MINVALUE
    NO MAXVALUE
    CACHE 1
);


--
-- Name: auth_permission; Type: TABLE; Schema: public; Owner: postgres
--

CREATE TABLE public.auth_permission (
    id integer NOT NULL,
    name character varying(255) NOT NULL,
    content_type_id integer NOT NULL,
    codename character varying(100) NOT NULL
);


ALTER TABLE public.auth_permission OWNER TO postgres;

--
-- Name: auth_permission_id_seq; Type: SEQUENCE; Schema: public; Owner: postgres
--

ALTER TABLE public.auth_permission ALTER COLUMN id ADD GENERATED BY DEFAULT AS IDENTITY (
    SEQUENCE NAME public.auth_permission_id_seq
    START WITH 1
    INCREMENT BY 1
    NO MINVALUE
    NO MAXVALUE
    CACHE 1
);


--
-- Name: bookings; Type: TABLE; Schema: public; Owner: postgres
--

CREATE TABLE public.bookings (
    id UUID NOT NULL,
    number_of_seats integer NOT NULL,
    total_amount numeric(10,2) NOT NULL,
    booking_time timestamp with time zone NOT NULL,
    status character varying(10) NOT NULL,
    trip_id bigint NOT NULL,
    user_id bigint NOT NULL,
    CONSTRAINT bookings_number_of_seats_check CHECK ((number_of_seats >= 0))
);


ALTER TABLE public.bookings OWNER TO postgres;



--
-- Name: buses; Type: TABLE; Schema: public; Owner: postgres
--

CREATE TABLE public.buses (
    id bigint NOT NULL,
    license_plate character varying(30) NOT NULL,
    model character varying(100) NOT NULL,
    total_seats integer NOT NULL,
    manufacture_year integer NOT NULL,
    CONSTRAINT buses_manufacture_year_check CHECK ((manufacture_year >= 0)),
    CONSTRAINT buses_total_seats_check CHECK ((total_seats >= 0))
);


ALTER TABLE public.buses OWNER TO postgres;

--
-- Name: buses_id_seq; Type: SEQUENCE; Schema: public; Owner: postgres
--

ALTER TABLE public.buses ALTER COLUMN id ADD GENERATED BY DEFAULT AS IDENTITY (
    SEQUENCE NAME public.buses_id_seq
    START WITH 1
    INCREMENT BY 1
    NO MINVALUE
    NO MAXVALUE
    CACHE 1
);


--
-- Name: django_admin_log; Type: TABLE; Schema: public; Owner: postgres
--

CREATE TABLE public.django_admin_log (
    id integer NOT NULL,
    action_time timestamp with time zone NOT NULL,
    object_id text,
    object_repr character varying(200) NOT NULL,
    action_flag smallint NOT NULL,
    change_message text NOT NULL,
    content_type_id integer,
    user_id bigint NOT NULL,
    CONSTRAINT django_admin_log_action_flag_check CHECK ((action_flag >= 0))
);


ALTER TABLE public.django_admin_log OWNER TO postgres;

--
-- Name: django_admin_log_id_seq; Type: SEQUENCE; Schema: public; Owner: postgres
--

ALTER TABLE public.django_admin_log ALTER COLUMN id ADD GENERATED BY DEFAULT AS IDENTITY (
    SEQUENCE NAME public.django_admin_log_id_seq
    START WITH 1
    INCREMENT BY 1
    NO MINVALUE
    NO MAXVALUE
    CACHE 1
);


--
-- Name: django_content_type; Type: TABLE; Schema: public; Owner: postgres
--

CREATE TABLE public.django_content_type (
    id integer NOT NULL,
    app_label character varying(100) NOT NULL,
    model character varying(100) NOT NULL
);


ALTER TABLE public.django_content_type OWNER TO postgres;
payments 
--
-- Name: django_content_type_id_seq; Type: SEQUENCE; Schema: public; Owner: postgres
--

ALTER TABLE public.django_content_type ALTER COLUMN id ADD GENERATED BY DEFAULT AS IDENTITY (
    SEQUENCE NAME public.django_content_type_id_seq
    START WITH 1
    INCREMENT BY 1
    NO MINVALUE
    NO MAXVALUE
    CACHE 1
);


--
-- Name: django_migrations; Type: TABLE; Schema: public; Owner: postgres
--

CREATE TABLE public.django_migrations (
    id bigint NOT NULL,
    app character varying(255) NOT NULL,
    name character varying(255) NOT NULL,
    applied timestamp with time zone NOT NULL
);


ALTER TABLE public.django_migrations OWNER TO postgres;

--
-- Name: django_migrations_id_seq; Type: SEQUENCE; Schema: public; Owner: postgres
--

ALTER TABLE public.django_migrations ALTER COLUMN id ADD GENERATED BY DEFAULT AS IDENTITY (
    SEQUENCE NAME public.django_migrations_id_seq
    START WITH 1
    INCREMENT BY 1
    NO MINVALUE
    NO MAXVALUE
    CACHE 1
);


--
-- Name: django_session; Type: TABLE; Schema: public; Owner: postgres
--

CREATE TABLE public.django_session (
    session_key character varying(40) NOT NULL,
    session_data text NOT NULL,
    expire_date timestamp with time zone NOT NULL
);


ALTER TABLE public.django_session OWNER TO postgres;

--
-- Name: locations; Type: TABLE; Schema: public; Owner: postgres
--

CREATE TABLE public.locations (
    id bigint NOT NULL,
    name character varying(255) NOT NULL,
    city character varying(100) NOT NULL
);


ALTER TABLE public.locations OWNER TO postgres;

--
-- Name: locations_id_seq; Type: SEQUENCE; Schema: public; Owner: postgres
--

ALTER TABLE public.locations ALTER COLUMN id ADD GENERATED BY DEFAULT AS IDENTITY (
    SEQUENCE NAME public.locations_id_seq
    START WITH 1
    INCREMENT BY 1
    NO MINVALUE
    NO MAXVALUE
    CACHE 1
);


--
-- Name: payments; Type: TABLE; Schema: public; Owner: postgres
--

CREATE TABLE public.payments (
    id UUID NOT NULL,
    booking_id UUID NOT NULL,
    wallet_id UUID NOT NULL 
    amount numeric(10,2) NOT NULL,
    payment_method character varying(20) NOT NULL,
    transaction_code character varying(255) NOT NULL,
    status character varying(10) NOT NULL,
    payment_time timestamp with time zone NOT NULL,
    
    FOREIGN KEY (booking_id) REFERENCES bookings(id),
    FOREIGN KEY (wallet_id) REFERENCES wallets(id)
);


ALTER TABLE public.payments OWNER TO postgres;

--
-- Name: payments_id_seq; Type: SEQUENCE; Schema: public; Owner: postgres
--

ALTER TABLE public.payments ALTER COLUMN id ADD GENERATED BY DEFAULT AS IDENTITY (
    SEQUENCE NAME public.payments_id_seq
    START WITH 1
    INCREMENT BY 1
    NO MINVALUE
    NO MAXVALUE
    CACHE 1
);
--  
-- Name: wallets; Type: TABLE; Schema: public; Owner: postgres
--
CREATE TABLE wallets (
    id UUID NOT NULL,
    user_id bigint NOT NULL,
    balance decimal(10,2) DEFAULT 0.00,
    created_at timestamp DEFAULT NOW(),
    updated_at timestamp DEFAULT NOW(),
    FOREIGN KEY (user_id) REFERENCES users(id)
);
--
-- Name: routes; Type: TABLE; Schema: public; Owner: postgres
--

CREATE TABLE public.routes (
    id bigint NOT NULL,
    distance_km double precision NOT NULL,
    end_location_id bigint NOT NULL,
    start_location_id bigint NOT NULL
);


ALTER TABLE public.routes OWNER TO postgres;

--
-- Name: routes_id_seq; Type: SEQUENCE; Schema: public; Owner: postgres
--

ALTER TABLE public.routes ALTER COLUMN id ADD GENERATED BY DEFAULT AS IDENTITY (
    SEQUENCE NAME public.routes_id_seq
    START WITH 1
    INCREMENT BY 1
    NO MINVALUE
    NO MAXVALUE
    CACHE 1
);


--
-- Name: seats; Type: TABLE; Schema: public; Owner: postgres
--

CREATE TABLE public.seats (
    id bigint NOT NULL,
    seat_number character varying(10) NOT NULL,
    is_available boolean NOT NULL,
    bus_id bigint NOT NULL
);


ALTER TABLE public.seats OWNER TO postgres;

--
-- Name: seats_id_seq; Type: SEQUENCE; Schema: public; Owner: postgres
--

ALTER TABLE public.seats ALTER COLUMN id ADD GENERATED BY DEFAULT AS IDENTITY (
    SEQUENCE NAME public.seats_id_seq
    START WITH 1
    INCREMENT BY 1
    NO MINVALUE
    NO MAXVALUE
    CACHE 1
);


--
-- Name: social_auth_association; Type: TABLE; Schema: public; Owner: postgres
--

CREATE TABLE public.social_auth_association (
    id bigint NOT NULL,
    server_url character varying(255) NOT NULL,
    handle character varying(255) NOT NULL,
    secret character varying(255) NOT NULL,
    issued integer NOT NULL,
    lifetime integer NOT NULL,
    assoc_type character varying(64) NOT NULL
);


ALTER TABLE public.social_auth_association OWNER TO postgres;

--
-- Name: social_auth_association_id_seq; Type: SEQUENCE; Schema: public; Owner: postgres
--

ALTER TABLE public.social_auth_association ALTER COLUMN id ADD GENERATED BY DEFAULT AS IDENTITY (
    SEQUENCE NAME public.social_auth_association_id_seq
    START WITH 1
    INCREMENT BY 1
    NO MINVALUE
    NO MAXVALUE
    CACHE 1
);


--
-- Name: social_auth_code; Type: TABLE; Schema: public; Owner: postgres
--

CREATE TABLE public.social_auth_code (
    id bigint NOT NULL,
    email character varying(254) NOT NULL,
    code character varying(32) NOT NULL,
    verified boolean NOT NULL,
    "timestamp" timestamp with time zone NOT NULL
);


ALTER TABLE public.social_auth_code OWNER TO postgres;

--
-- Name: social_auth_code_id_seq; Type: SEQUENCE; Schema: public; Owner: postgres
--

ALTER TABLE public.social_auth_code ALTER COLUMN id ADD GENERATED BY DEFAULT AS IDENTITY (
    SEQUENCE NAME public.social_auth_code_id_seq
    START WITH 1
    INCREMENT BY 1
    NO MINVALUE
    NO MAXVALUE
    CACHE 1
);


--
-- Name: social_auth_nonce; Type: TABLE; Schema: public; Owner: postgres
--

CREATE TABLE public.social_auth_nonce (
    id bigint NOT NULL,
    server_url character varying(255) NOT NULL,
    "timestamp" integer NOT NULL,
    salt character varying(65) NOT NULL
);


ALTER TABLE public.social_auth_nonce OWNER TO postgres;

--
-- Name: social_auth_nonce_id_seq; Type: SEQUENCE; Schema: public; Owner: postgres
--

ALTER TABLE public.social_auth_nonce ALTER COLUMN id ADD GENERATED BY DEFAULT AS IDENTITY (
    SEQUENCE NAME public.social_auth_nonce_id_seq
    START WITH 1
    INCREMENT BY 1
    NO MINVALUE
    NO MAXVALUE
    CACHE 1
);


--
-- Name: social_auth_partial; Type: TABLE; Schema: public; Owner: postgres
--

CREATE TABLE public.social_auth_partial (
    id bigint NOT NULL,
    token character varying(32) NOT NULL,
    next_step smallint NOT NULL,
    backend character varying(32) NOT NULL,
    "timestamp" timestamp with time zone NOT NULL,
    data jsonb NOT NULL,
    CONSTRAINT social_auth_partial_next_step_check CHECK ((next_step >= 0))
);


ALTER TABLE public.social_auth_partial OWNER TO postgres;

--
-- Name: social_auth_partial_id_seq; Type: SEQUENCE; Schema: public; Owner: postgres
--

ALTER TABLE public.social_auth_partial ALTER COLUMN id ADD GENERATED BY DEFAULT AS IDENTITY (
    SEQUENCE NAME public.social_auth_partial_id_seq
    START WITH 1
    INCREMENT BY 1
    NO MINVALUE
    NO MAXVALUE
    CACHE 1
);


--
-- Name: social_auth_usersocialauth; Type: TABLE; Schema: public; Owner: postgres
--

CREATE TABLE public.social_auth_usersocialauth (
    id bigint NOT NULL,
    provider character varying(32) NOT NULL,
    uid character varying(255) NOT NULL,
    user_id bigint NOT NULL,
    created timestamp with time zone NOT NULL,
    modified timestamp with time zone NOT NULL,
    extra_data jsonb NOT NULL
);


ALTER TABLE public.social_auth_usersocialauth OWNER TO postgres;

--
-- Name: social_auth_usersocialauth_id_seq; Type: SEQUENCE; Schema: public; Owner: postgres
--

ALTER TABLE public.social_auth_usersocialauth ALTER COLUMN id ADD GENERATED BY DEFAULT AS IDENTITY (
    SEQUENCE NAME public.social_auth_usersocialauth_id_seq
    START WITH 1
    INCREMENT BY 1
    NO MINVALUE
    NO MAXVALUE
    CACHE 1
);


--
-- Name: tickets; Type: TABLE; Schema: public; Owner: postgres
--

CREATE TABLE public.tickets (
    id bigint NOT NULL,
    price numeric(10,2) NOT NULL,
    passenger_name character varying(100) NOT NULL,
    booking_id UUID NOT NULL,
    seat_id bigint NOT NULL,
    trip_id bigint NOT NULL
);


ALTER TABLE public.tickets OWNER TO postgres;

--
-- Name: tickets_id_seq; Type: SEQUENCE; Schema: public; Owner: postgres
--

ALTER TABLE public.tickets ALTER COLUMN id ADD GENERATED BY DEFAULT AS IDENTITY (
    SEQUENCE NAME public.tickets_id_seq
    START WITH 1
    INCREMENT BY 1
    NO MINVALUE
    NO MAXVALUE
    CACHE 1
);


--
-- Name: trips; Type: TABLE; Schema: public; Owner: postgres
--

CREATE TABLE public.trips (
    id bigint NOT NULL,
    departure_time timestamp with time zone NOT NULL,
    arrival_time timestamp with time zone NOT NULL,
    price_per_seat numeric(10,2) NOT NULL,
    bus_id bigint NOT NULL,
    route_id bigint NOT NULL
);


ALTER TABLE public.trips OWNER TO postgres;

--
-- Name: trips_id_seq; Type: SEQUENCE; Schema: public; Owner: postgres
--

ALTER TABLE public.trips ALTER COLUMN id ADD GENERATED BY DEFAULT AS IDENTITY (
    SEQUENCE NAME public.trips_id_seq
    START WITH 1
    INCREMENT BY 1
    NO MINVALUE
    NO MAXVALUE
    CACHE 1
);


--
-- Name: user_sessions; Type: TABLE; Schema: public; Owner: postgres
--

CREATE TABLE public.user_sessions (
    id bigint NOT NULL,
    session_key character varying(255) NOT NULL,
    created_at timestamp with time zone NOT NULL,
    last_activity timestamp with time zone NOT NULL,
    ip_address inet NOT NULL,
    user_agent character varying(255) NOT NULL,
    is_active boolean NOT NULL,
    user_id bigint NOT NULL
);


ALTER TABLE public.user_sessions OWNER TO postgres;

--
-- Name: user_sessions_id_seq; Type: SEQUENCE; Schema: public; Owner: postgres
--

ALTER TABLE public.user_sessions ALTER COLUMN id ADD GENERATED BY DEFAULT AS IDENTITY (
    SEQUENCE NAME public.user_sessions_id_seq
    START WITH 1
    INCREMENT BY 1
    NO MINVALUE
    NO MAXVALUE
    CACHE 1
);


--
-- Name: users; Type: TABLE; Schema: public; Owner: postgres
--

CREATE TABLE public.users (
    id bigint NOT NULL,
    username character varying(300) NOT NULL,
    email character varying(254) NOT NULL,
    first_name character varying(30) NOT NULL,
    last_name character varying(30) NOT NULL,
    password character varying(255) NOT NULL,
    role character varying(20) NOT NULL,
    permissions jsonb NOT NULL,
    is_active boolean NOT NULL,
    is_verified boolean NOT NULL,
    is_staff boolean NOT NULL,
    is_superuser boolean NOT NULL,
    date_joined timestamp with time zone NOT NULL,
    last_login timestamp with time zone
);


ALTER TABLE public.users OWNER TO postgres;

--
-- Name: users_id_seq; Type: SEQUENCE; Schema: public; Owner: postgres
--

ALTER TABLE public.users ALTER COLUMN id ADD GENERATED BY DEFAULT AS IDENTITY (
    SEQUENCE NAME public.users_id_seq
    START WITH 1
    INCREMENT BY 1
    NO MINVALUE
    NO MAXVALUE
    CACHE 1
);


--
-- Data for Name: auth_group; Type: TABLE DATA; Schema: public; Owner: postgres
--

COPY public.auth_group (id, name) FROM stdin;
\.


--
-- Data for Name: auth_group_permissions; Type: TABLE DATA; Schema: public; Owner: postgres
--

COPY public.auth_group_permissions (id, group_id, permission_id) FROM stdin;
\.


--
-- Data for Name: auth_permission; Type: TABLE DATA; Schema: public; Owner: postgres
--

COPY public.auth_permission (id, name, content_type_id, codename) FROM stdin;
1	Can add log entry	1	add_logentry
2	Can change log entry	1	change_logentry
3	Can delete log entry	1	delete_logentry
4	Can view log entry	1	view_logentry
5	Can add permission	2	add_permission
6	Can change permission	2	change_permission
7	Can delete permission	2	delete_permission
8	Can view permission	2	view_permission
9	Can add group	3	add_group
10	Can change group	3	change_group
11	Can delete group	3	delete_group
12	Can view group	3	view_group
13	Can add content type	4	add_contenttype
14	Can change content type	4	change_contenttype
15	Can delete content type	4	delete_contenttype
16	Can view content type	4	view_contenttype
17	Can add session	5	add_session
18	Can change session	5	change_session
19	Can delete session	5	delete_session
20	Can view session	5	view_session
21	Can add Ng╞░ß╗¥i d├╣ng	6	add_user
22	Can change Ng╞░ß╗¥i d├╣ng	6	change_user
23	Can delete Ng╞░ß╗¥i d├╣ng	6	delete_user
24	Can view Ng╞░ß╗¥i d├╣ng	6	view_user
25	Can add user session	7	add_usersession
26	Can change user session	7	change_usersession
27	Can delete user session	7	delete_usersession
28	Can view user session	7	view_usersession
29	Can add association	8	add_association
30	Can change association	8	change_association
31	Can delete association	8	delete_association
32	Can view association	8	view_association
33	Can add code	9	add_code
34	Can change code	9	change_code
35	Can delete code	9	delete_code
36	Can view code	9	view_code
37	Can add nonce	10	add_nonce
38	Can change nonce	10	change_nonce
39	Can delete nonce	10	delete_nonce
40	Can view nonce	10	view_nonce
41	Can add user social auth	11	add_usersocialauth
42	Can change user social auth	11	change_usersocialauth
43	Can delete user social auth	11	delete_usersocialauth
44	Can view user social auth	11	view_usersocialauth
45	Can add partial	12	add_partial
46	Can change partial	12	change_partial
47	Can delete partial	12	delete_partial
48	Can view partial	12	view_partial
49	Can add Bus	13	add_bus
50	Can change Bus	13	change_bus
51	Can delete Bus	13	delete_bus
52	Can view Bus	13	view_bus
53	Can add Seat	14	add_seat
54	Can change Seat	14	change_seat
55	Can delete Seat	14	delete_seat
56	Can view Seat	14	view_seat
57	Can add Trip	15	add_trip
58	Can change Trip	15	change_trip
59	Can delete Trip	15	delete_trip
60	Can view Trip	15	view_trip
61	Can add Route	16	add_route
62	Can change Route	16	change_route
63	Can delete Route	16	delete_route
64	Can view Route	16	view_route
65	Can add Location	17	add_locations
66	Can change Location	17	change_locations
67	Can delete Location	17	delete_locations
68	Can view Location	17	view_locations
69	Can add Ticket	18	add_ticket
70	Can change Ticket	18	change_ticket
71	Can delete Ticket	18	delete_ticket
72	Can view Ticket	18	view_ticket
73	Can add Booking	19	add_booking
74	Can change Booking	19	change_booking
75	Can delete Booking	19	delete_booking
76	Can view Booking	19	view_booking
77	Can add Payment	20	add_payment
78	Can change Payment	20	change_payment
79	Can delete Payment	20	delete_payment
80	Can view Payment	20	view_payment
\.


--
-- Data for Name: bookings; Type: TABLE DATA; Schema: public; Owner: postgres
--

COPY public.bookings (id, number_of_seats, total_amount, booking_time, status, trip_id, user_id) FROM stdin;
\.


--
-- Data for Name: buses; Type: TABLE DATA; Schema: public; Owner: postgres
--

COPY public.buses (id, license_plate, model, total_seats, manufacture_year) FROM stdin;
\.


--
-- Data for Name: django_admin_log; Type: TABLE DATA; Schema: public; Owner: postgres
--

COPY public.django_admin_log (id, action_time, object_id, object_repr, action_flag, change_message, content_type_id, user_id) FROM stdin;
\.


--
-- Data for Name: django_content_type; Type: TABLE DATA; Schema: public; Owner: postgres
--

COPY public.django_content_type (id, app_label, model) FROM stdin;
1	admin	logentry
2	auth	permission
3	auth	group
4	contenttypes	contenttype
5	sessions	session
6	accounts	user
7	accounts	usersession
8	social_django	association
9	social_django	code
10	social_django	nonce
11	social_django	usersocialauth
12	social_django	partial
13	transport	bus
14	transport	seat
15	transport	trip
16	transport	route
17	transport	locations
18	bookings	ticket
19	bookings	booking
20	payments	payment
\.


--
-- Data for Name: django_migrations; Type: TABLE DATA; Schema: public; Owner: postgres
--

COPY public.django_migrations (id, app, name, applied) FROM stdin;
1	accounts	0001_initial	2025-10-04 17:31:50.91793+07
2	accounts	0002_alter_usersession_user	2025-10-04 17:31:50.958045+07
3	contenttypes	0001_initial	2025-10-04 17:31:50.976108+07
4	admin	0001_initial	2025-10-04 17:31:51.001544+07
5	admin	0002_logentry_remove_auto_add	2025-10-04 17:31:51.011539+07
6	admin	0003_logentry_add_action_flag_choices	2025-10-04 17:31:51.015546+07
7	contenttypes	0002_remove_content_type_name	2025-10-04 17:31:51.026539+07
8	auth	0001_initial	2025-10-04 17:31:51.07374+07
9	auth	0002_alter_permission_name_max_length	2025-10-04 17:31:51.082684+07
10	auth	0003_alter_user_email_max_length	2025-10-04 17:31:51.08968+07
11	auth	0004_alter_user_username_opts	2025-10-04 17:31:51.095974+07
12	auth	0005_alter_user_last_login_null	2025-10-04 17:31:51.102154+07
13	auth	0006_require_contenttypes_0002	2025-10-04 17:31:51.107153+07
14	auth	0007_alter_validators_add_error_messages	2025-10-04 17:31:51.11726+07
15	auth	0008_alter_user_username_max_length	2025-10-04 17:31:51.124201+07
16	auth	0009_alter_user_last_name_max_length	2025-10-04 17:31:51.129234+07
17	auth	0010_alter_group_name_max_length	2025-10-04 17:31:51.137151+07
18	auth	0011_update_proxy_permissions	2025-10-04 17:31:51.14515+07
19	auth	0012_alter_user_first_name_max_length	2025-10-04 17:31:51.150251+07
20	sessions	0001_initial	2025-10-04 17:31:51.163477+07
21	default	0001_initial	2025-10-04 17:31:51.206715+07
22	social_auth	0001_initial	2025-10-04 17:31:51.208709+07
23	default	0002_add_related_name	2025-10-04 17:31:51.213737+07
24	social_auth	0002_add_related_name	2025-10-04 17:31:51.214727+07
25	default	0003_alter_email_max_length	2025-10-04 17:31:51.217725+07
26	social_auth	0003_alter_email_max_length	2025-10-04 17:31:51.21981+07
27	default	0004_auto_20160423_0400	2025-10-04 17:31:51.22671+07
28	social_auth	0004_auto_20160423_0400	2025-10-04 17:31:51.229799+07
29	social_auth	0005_auto_20160727_2333	2025-10-04 17:31:51.234811+07
30	social_django	0006_partial	2025-10-04 17:31:51.249221+07
31	social_django	0007_code_timestamp	2025-10-04 17:31:51.258222+07
32	social_django	0008_partial_timestamp	2025-10-04 17:31:51.264661+07
33	social_django	0009_auto_20191118_0520	2025-10-04 17:31:51.275642+07
34	social_django	0010_uid_db_index	2025-10-04 17:31:51.28463+07
35	social_django	0011_alter_id_fields	2025-10-04 17:31:51.346217+07
36	social_django	0012_usersocialauth_extra_data_new	2025-10-04 17:31:51.370216+07
37	social_django	0013_migrate_extra_data	2025-10-04 17:31:51.383217+07
38	social_django	0014_remove_usersocialauth_extra_data	2025-10-04 17:31:51.389336+07
39	social_django	0015_rename_extra_data_new_usersocialauth_extra_data	2025-10-04 17:31:51.397326+07
40	social_django	0016_alter_usersocialauth_extra_data	2025-10-04 17:31:51.40133+07
41	social_django	0002_add_related_name	2025-10-04 17:31:51.40633+07
42	social_django	0004_auto_20160423_0400	2025-10-04 17:31:51.407329+07
43	social_django	0005_auto_20160727_2333	2025-10-04 17:31:51.411341+07
44	social_django	0001_initial	2025-10-04 17:31:51.412343+07
45	social_django	0003_alter_email_max_length	2025-10-04 17:31:51.414328+07
46	transport	0001_initial	2025-10-04 17:35:13.976428+07
47	bookings	0001_initial	2025-10-04 17:35:14.026428+07
48	payments	0001_initial	2025-10-04 17:35:14.055431+07
\.


--
-- Data for Name: django_session; Type: TABLE DATA; Schema: public; Owner: postgres
--

COPY public.django_session (session_key, session_data, expire_date) FROM stdin;
\.


--
-- Data for Name: locations; Type: TABLE DATA; Schema: public; Owner: postgres
--

COPY public.locations (id, name, city) FROM stdin;
\.


--
-- Data for Name: payments; Type: TABLE DATA; Schema: public; Owner: postgres
--

COPY public.payments (id, amount, payment_method, transaction_code, status, payment_time, booking_id) FROM stdin;
\.


--
-- Data for Name: routes; Type: TABLE DATA; Schema: public; Owner: postgres
--

COPY public.routes (id, distance_km, end_location_id, start_location_id) FROM stdin;
\.


--
-- Data for Name: seats; Type: TABLE DATA; Schema: public; Owner: postgres
--

COPY public.seats (id, seat_number, is_available, bus_id) FROM stdin;
\.


--
-- Data for Name: social_auth_association; Type: TABLE DATA; Schema: public; Owner: postgres
--

COPY public.social_auth_association (id, server_url, handle, secret, issued, lifetime, assoc_type) FROM stdin;
\.


--
-- Data for Name: social_auth_code; Type: TABLE DATA; Schema: public; Owner: postgres
--

COPY public.social_auth_code (id, email, code, verified, "timestamp") FROM stdin;
\.


--
-- Data for Name: social_auth_nonce; Type: TABLE DATA; Schema: public; Owner: postgres
--

COPY public.social_auth_nonce (id, server_url, "timestamp", salt) FROM stdin;
\.


--
-- Data for Name: social_auth_partial; Type: TABLE DATA; Schema: public; Owner: postgres
--

COPY public.social_auth_partial (id, token, next_step, backend, "timestamp", data) FROM stdin;
\.


--
-- Data for Name: social_auth_usersocialauth; Type: TABLE DATA; Schema: public; Owner: postgres
--

COPY public.social_auth_usersocialauth (id, provider, uid, user_id, created, modified, extra_data) FROM stdin;
\.


--
-- Data for Name: tickets; Type: TABLE DATA; Schema: public; Owner: postgres
--

COPY public.tickets (id, price, passenger_name, booking_id, seat_id, trip_id) FROM stdin;
\.


--
-- Data for Name: trips; Type: TABLE DATA; Schema: public; Owner: postgres
--

COPY public.trips (id, departure_time, arrival_time, price_per_seat, bus_id, route_id) FROM stdin;
\.


--
-- Data for Name: user_sessions; Type: TABLE DATA; Schema: public; Owner: postgres
--

COPY public.user_sessions (id, session_key, created_at, last_activity, ip_address, user_agent, is_active, user_id) FROM stdin;
\.


--
-- Data for Name: users; Type: TABLE DATA; Schema: public; Owner: postgres
--

COPY public.users (id, username, email, first_name, last_name, password, role, permissions, is_active, is_verified, is_staff, is_superuser, date_joined, last_login) FROM stdin;
1	Momosakuvn	CE04@ecotriph.com	Hiß║┐u	Nguyß╗àn	pbkdf2_sha256$600000$SLsZ76PExWCTqLHWEdQ4Gb$EmYBgQ6merdWFdV1QJUwIwKYS4C8OBqZj0MtU7MzBvE=	user	[]	t	f	f	f	2025-10-04 17:38:49.381407+07	\N
\.


--
-- Name: auth_group_id_seq; Type: SEQUENCE SET; Schema: public; Owner: postgres
--

SELECT pg_catalog.setval('public.auth_group_id_seq', 1, false);


--
-- Name: auth_group_permissions_id_seq; Type: SEQUENCE SET; Schema: public; Owner: postgres
--

SELECT pg_catalog.setval('public.auth_group_permissions_id_seq', 1, false);


--
-- Name: auth_permission_id_seq; Type: SEQUENCE SET; Schema: public; Owner: postgres
--

SELECT pg_catalog.setval('public.auth_permission_id_seq', 80, true);




--
-- Name: buses_id_seq; Type: SEQUENCE SET; Schema: public; Owner: postgres
--

SELECT pg_catalog.setval('public.buses_id_seq', 1, false);


--
-- Name: django_admin_log_id_seq; Type: SEQUENCE SET; Schema: public; Owner: postgres
--

SELECT pg_catalog.setval('public.django_admin_log_id_seq', 1, false);


--
-- Name: django_content_type_id_seq; Type: SEQUENCE SET; Schema: public; Owner: postgres
--

SELECT pg_catalog.setval('public.django_content_type_id_seq', 20, true);


--
-- Name: django_migrations_id_seq; Type: SEQUENCE SET; Schema: public; Owner: postgres
--

SELECT pg_catalog.setval('public.django_migrations_id_seq', 48, true);


--
-- Name: locations_id_seq; Type: SEQUENCE SET; Schema: public; Owner: postgres
--

SELECT pg_catalog.setval('public.locations_id_seq', 1, false);


--
-- Name: payments_id_seq; Type: SEQUENCE SET; Schema: public; Owner: postgres
--

SELECT pg_catalog.setval('public.payments_id_seq', 1, false);


--
-- Name: routes_id_seq; Type: SEQUENCE SET; Schema: public; Owner: postgres
--

SELECT pg_catalog.setval('public.routes_id_seq', 1, false);


--
-- Name: seats_id_seq; Type: SEQUENCE SET; Schema: public; Owner: postgres
--

SELECT pg_catalog.setval('public.seats_id_seq', 1, false);


--
-- Name: social_auth_association_id_seq; Type: SEQUENCE SET; Schema: public; Owner: postgres
--

SELECT pg_catalog.setval('public.social_auth_association_id_seq', 1, false);


--
-- Name: social_auth_code_id_seq; Type: SEQUENCE SET; Schema: public; Owner: postgres
--

SELECT pg_catalog.setval('public.social_auth_code_id_seq', 1, false);


--
-- Name: social_auth_nonce_id_seq; Type: SEQUENCE SET; Schema: public; Owner: postgres
--

SELECT pg_catalog.setval('public.social_auth_nonce_id_seq', 1, false);


--
-- Name: social_auth_partial_id_seq; Type: SEQUENCE SET; Schema: public; Owner: postgres
--

SELECT pg_catalog.setval('public.social_auth_partial_id_seq', 1, false);


--
-- Name: social_auth_usersocialauth_id_seq; Type: SEQUENCE SET; Schema: public; Owner: postgres
--

SELECT pg_catalog.setval('public.social_auth_usersocialauth_id_seq', 1, false);


--
-- Name: tickets_id_seq; Type: SEQUENCE SET; Schema: public; Owner: postgres
--

SELECT pg_catalog.setval('public.tickets_id_seq', 1, false);


--
-- Name: trips_id_seq; Type: SEQUENCE SET; Schema: public; Owner: postgres
--

SELECT pg_catalog.setval('public.trips_id_seq', 1, false);


--
-- Name: user_sessions_id_seq; Type: SEQUENCE SET; Schema: public; Owner: postgres
--

SELECT pg_catalog.setval('public.user_sessions_id_seq', 1, false);


--
-- Name: users_id_seq; Type: SEQUENCE SET; Schema: public; Owner: postgres
--

SELECT pg_catalog.setval('public.users_id_seq', 1, true);


--
-- Name: auth_group auth_group_name_key; Type: CONSTRAINT; Schema: public; Owner: postgres
--

ALTER TABLE ONLY public.auth_group
    ADD CONSTRAINT auth_group_name_key UNIQUE (name);


--
-- Name: auth_group_permissions auth_group_permissions_group_id_permission_id_0cd325b0_uniq; Type: CONSTRAINT; Schema: public; Owner: postgres
--

ALTER TABLE ONLY public.auth_group_permissions
    ADD CONSTRAINT auth_group_permissions_group_id_permission_id_0cd325b0_uniq UNIQUE (group_id, permission_id);


--
-- Name: auth_group_permissions auth_group_permissions_pkey; Type: CONSTRAINT; Schema: public; Owner: postgres
--

ALTER TABLE ONLY public.auth_group_permissions
    ADD CONSTRAINT auth_group_permissions_pkey PRIMARY KEY (id);


--
-- Name: auth_group auth_group_pkey; Type: CONSTRAINT; Schema: public; Owner: postgres
--

ALTER TABLE ONLY public.auth_group
    ADD CONSTRAINT auth_group_pkey PRIMARY KEY (id);


--
-- Name: auth_permission auth_permission_content_type_id_codename_01ab375a_uniq; Type: CONSTRAINT; Schema: public; Owner: postgres
--

ALTER TABLE ONLY public.auth_permission
    ADD CONSTRAINT auth_permission_content_type_id_codename_01ab375a_uniq UNIQUE (content_type_id, codename);


--
-- Name: auth_permission auth_permission_pkey; Type: CONSTRAINT; Schema: public; Owner: postgres
--

ALTER TABLE ONLY public.auth_permission
    ADD CONSTRAINT auth_permission_pkey PRIMARY KEY (id);


--
-- Name: bookings bookings_pkey; Type: CONSTRAINT; Schema: public; Owner: postgres
--

ALTER TABLE ONLY public.bookings
    ADD CONSTRAINT bookings_pkey PRIMARY KEY (id);


--
-- Name: buses buses_license_plate_key; Type: CONSTRAINT; Schema: public; Owner: postgres
--

ALTER TABLE ONLY public.buses
    ADD CONSTRAINT buses_license_plate_key UNIQUE (license_plate);


--
-- Name: buses buses_pkey; Type: CONSTRAINT; Schema: public; Owner: postgres
--

ALTER TABLE ONLY public.buses
    ADD CONSTRAINT buses_pkey PRIMARY KEY (id);


--
-- Name: django_admin_log django_admin_log_pkey; Type: CONSTRAINT; Schema: public; Owner: postgres
--

ALTER TABLE ONLY public.django_admin_log
    ADD CONSTRAINT django_admin_log_pkey PRIMARY KEY (id);


--
-- Name: django_content_type django_content_type_app_label_model_76bd3d3b_uniq; Type: CONSTRAINT; Schema: public; Owner: postgres
--

ALTER TABLE ONLY public.django_content_type
    ADD CONSTRAINT django_content_type_app_label_model_76bd3d3b_uniq UNIQUE (app_label, model);


--
-- Name: django_content_type django_content_type_pkey; Type: CONSTRAINT; Schema: public; Owner: postgres
--

ALTER TABLE ONLY public.django_content_type
    ADD CONSTRAINT django_content_type_pkey PRIMARY KEY (id);


--
-- Name: django_migrations django_migrations_pkey; Type: CONSTRAINT; Schema: public; Owner: postgres
--

ALTER TABLE ONLY public.django_migrations
    ADD CONSTRAINT django_migrations_pkey PRIMARY KEY (id);


--
-- Name: django_session django_session_pkey; Type: CONSTRAINT; Schema: public; Owner: postgres
--

ALTER TABLE ONLY public.django_session
    ADD CONSTRAINT django_session_pkey PRIMARY KEY (session_key);


--
-- Name: locations locations_pkey; Type: CONSTRAINT; Schema: public; Owner: postgres
--

ALTER TABLE ONLY public.locations
    ADD CONSTRAINT locations_pkey PRIMARY KEY (id);


--
-- Name: payments payments_pkey; Type: CONSTRAINT; Schema: public; Owner: postgres
--

ALTER TABLE ONLY public.payments
    ADD CONSTRAINT payments_pkey PRIMARY KEY (id);


--
-- Name: payments payments_transaction_code_key; Type: CONSTRAINT; Schema: public; Owner: postgres
--

ALTER TABLE ONLY public.payments
    ADD CONSTRAINT payments_transaction_code_key UNIQUE (transaction_code);


--
-- Name: routes routes_pkey; Type: CONSTRAINT; Schema: public; Owner: postgres
--

ALTER TABLE ONLY public.routes
    ADD CONSTRAINT routes_pkey PRIMARY KEY (id);


--
-- Name: routes routes_start_location_id_end_location_id_47173a8c_uniq; Type: CONSTRAINT; Schema: public; Owner: postgres
--

ALTER TABLE ONLY public.routes
    ADD CONSTRAINT routes_start_location_id_end_location_id_47173a8c_uniq UNIQUE (start_location_id, end_location_id);


--
-- Name: seats seats_bus_id_seat_number_5458c34b_uniq; Type: CONSTRAINT; Schema: public; Owner: postgres
--

ALTER TABLE ONLY public.seats
    ADD CONSTRAINT seats_bus_id_seat_number_5458c34b_uniq UNIQUE (bus_id, seat_number);


--
-- Name: seats seats_pkey; Type: CONSTRAINT; Schema: public; Owner: postgres
--

ALTER TABLE ONLY public.seats
    ADD CONSTRAINT seats_pkey PRIMARY KEY (id);


--
-- Name: social_auth_association social_auth_association_pkey; Type: CONSTRAINT; Schema: public; Owner: postgres
--

ALTER TABLE ONLY public.social_auth_association
    ADD CONSTRAINT social_auth_association_pkey PRIMARY KEY (id);


--
-- Name: social_auth_association social_auth_association_server_url_handle_078befa2_uniq; Type: CONSTRAINT; Schema: public; Owner: postgres
--

ALTER TABLE ONLY public.social_auth_association
    ADD CONSTRAINT social_auth_association_server_url_handle_078befa2_uniq UNIQUE (server_url, handle);


--
-- Name: social_auth_code social_auth_code_email_code_801b2d02_uniq; Type: CONSTRAINT; Schema: public; Owner: postgres
--

ALTER TABLE ONLY public.social_auth_code
    ADD CONSTRAINT social_auth_code_email_code_801b2d02_uniq UNIQUE (email, code);


--
-- Name: social_auth_code social_auth_code_pkey; Type: CONSTRAINT; Schema: public; Owner: postgres
--

ALTER TABLE ONLY public.social_auth_code
    ADD CONSTRAINT social_auth_code_pkey PRIMARY KEY (id);


--
-- Name: social_auth_nonce social_auth_nonce_pkey; Type: CONSTRAINT; Schema: public; Owner: postgres
--

ALTER TABLE ONLY public.social_auth_nonce
    ADD CONSTRAINT social_auth_nonce_pkey PRIMARY KEY (id);


--
-- Name: social_auth_nonce social_auth_nonce_server_url_timestamp_salt_f6284463_uniq; Type: CONSTRAINT; Schema: public; Owner: postgres
--

ALTER TABLE ONLY public.social_auth_nonce
    ADD CONSTRAINT social_auth_nonce_server_url_timestamp_salt_f6284463_uniq UNIQUE (server_url, "timestamp", salt);


--
-- Name: social_auth_partial social_auth_partial_pkey; Type: CONSTRAINT; Schema: public; Owner: postgres
--

ALTER TABLE ONLY public.social_auth_partial
    ADD CONSTRAINT social_auth_partial_pkey PRIMARY KEY (id);


--
-- Name: social_auth_usersocialauth social_auth_usersocialauth_pkey; Type: CONSTRAINT; Schema: public; Owner: postgres
--

ALTER TABLE ONLY public.social_auth_usersocialauth
    ADD CONSTRAINT social_auth_usersocialauth_pkey PRIMARY KEY (id);


--
-- Name: social_auth_usersocialauth social_auth_usersocialauth_provider_uid_e6b5e668_uniq; Type: CONSTRAINT; Schema: public; Owner: postgres
--

ALTER TABLE ONLY public.social_auth_usersocialauth
    ADD CONSTRAINT social_auth_usersocialauth_provider_uid_e6b5e668_uniq UNIQUE (provider, uid);


--
-- Name: tickets tickets_pkey; Type: CONSTRAINT; Schema: public; Owner: postgres
--

ALTER TABLE ONLY public.tickets
    ADD CONSTRAINT tickets_pkey PRIMARY KEY (id);


--
-- Name: tickets tickets_trip_id_seat_id_a241093c_uniq; Type: CONSTRAINT; Schema: public; Owner: postgres
--

ALTER TABLE ONLY public.tickets
    ADD CONSTRAINT tickets_trip_id_seat_id_a241093c_uniq UNIQUE (trip_id, seat_id);


--
-- Name: trips trips_pkey; Type: CONSTRAINT; Schema: public; Owner: postgres
--

ALTER TABLE ONLY public.trips
    ADD CONSTRAINT trips_pkey PRIMARY KEY (id);


--
-- Name: user_sessions user_sessions_pkey; Type: CONSTRAINT; Schema: public; Owner: postgres
--

ALTER TABLE ONLY public.user_sessions
    ADD CONSTRAINT user_sessions_pkey PRIMARY KEY (id);


--
-- Name: user_sessions user_sessions_session_key_key; Type: CONSTRAINT; Schema: public; Owner: postgres
--

ALTER TABLE ONLY public.user_sessions
    ADD CONSTRAINT user_sessions_session_key_key UNIQUE (session_key);


--
-- Name: users users_email_key; Type: CONSTRAINT; Schema: public; Owner: postgres
--

ALTER TABLE ONLY public.users
    ADD CONSTRAINT users_email_key UNIQUE (email);


--
-- Name: users users_pkey; Type: CONSTRAINT; Schema: public; Owner: postgres
--

ALTER TABLE ONLY public.users
    ADD CONSTRAINT users_pkey PRIMARY KEY (id);


--
-- Name: users users_username_key; Type: CONSTRAINT; Schema: public; Owner: postgres
--

ALTER TABLE ONLY public.users
    ADD CONSTRAINT users_username_key UNIQUE (username);


--
-- Name: auth_group_name_a6ea08ec_like; Type: INDEX; Schema: public; Owner: postgres
--

CREATE INDEX auth_group_name_a6ea08ec_like ON public.auth_group USING btree (name varchar_pattern_ops);


--
-- Name: auth_group_permissions_group_id_b120cbf9; Type: INDEX; Schema: public; Owner: postgres
--

CREATE INDEX auth_group_permissions_group_id_b120cbf9 ON public.auth_group_permissions USING btree (group_id);


--
-- Name: auth_group_permissions_permission_id_84c5c92e; Type: INDEX; Schema: public; Owner: postgres
--

CREATE INDEX auth_group_permissions_permission_id_84c5c92e ON public.auth_group_permissions USING btree (permission_id);


--
-- Name: auth_permission_content_type_id_2f476e4b; Type: INDEX; Schema: public; Owner: postgres
--

CREATE INDEX auth_permission_content_type_id_2f476e4b ON public.auth_permission USING btree (content_type_id);


--
-- Name: bookings_trip_id_89bc46e9; Type: INDEX; Schema: public; Owner: postgres
--

CREATE INDEX bookings_trip_id_89bc46e9 ON public.bookings USING btree (trip_id);


--
-- Name: bookings_user_id_6e734b08; Type: INDEX; Schema: public; Owner: postgres
--

CREATE INDEX bookings_user_id_6e734b08 ON public.bookings USING btree (user_id);


--
-- Name: buses_license_plate_b7203ba4_like; Type: INDEX; Schema: public; Owner: postgres
--

CREATE INDEX buses_license_plate_b7203ba4_like ON public.buses USING btree (license_plate varchar_pattern_ops);


--
-- Name: django_admin_log_content_type_id_c4bce8eb; Type: INDEX; Schema: public; Owner: postgres
--

CREATE INDEX django_admin_log_content_type_id_c4bce8eb ON public.django_admin_log USING btree (content_type_id);


--
-- Name: django_admin_log_user_id_c564eba6; Type: INDEX; Schema: public; Owner: postgres
--

CREATE INDEX django_admin_log_user_id_c564eba6 ON public.django_admin_log USING btree (user_id);


--
-- Name: django_session_expire_date_a5c62663; Type: INDEX; Schema: public; Owner: postgres
--

CREATE INDEX django_session_expire_date_a5c62663 ON public.django_session USING btree (expire_date);


--
-- Name: django_session_session_key_c0390e0f_like; Type: INDEX; Schema: public; Owner: postgres
--

CREATE INDEX django_session_session_key_c0390e0f_like ON public.django_session USING btree (session_key varchar_pattern_ops);


--
-- Name: payments_booking_id_fa2b6c3e; Type: INDEX; Schema: public; Owner: postgres
--

CREATE INDEX payments_booking_id_fa2b6c3e ON public.payments USING btree (booking_id);


--
-- Name: payments_transaction_code_8e1acb6c_like; Type: INDEX; Schema: public; Owner: postgres
--

CREATE INDEX payments_transaction_code_8e1acb6c_like ON public.payments USING btree (transaction_code varchar_pattern_ops);


--
-- Name: routes_end_location_id_887fe0af; Type: INDEX; Schema: public; Owner: postgres
--

CREATE INDEX routes_end_location_id_887fe0af ON public.routes USING btree (end_location_id);


--
-- Name: routes_start_location_id_355e3cb1; Type: INDEX; Schema: public; Owner: postgres
--

CREATE INDEX routes_start_location_id_355e3cb1 ON public.routes USING btree (start_location_id);


--
-- Name: seats_bus_id_6ef4699d; Type: INDEX; Schema: public; Owner: postgres
--

CREATE INDEX seats_bus_id_6ef4699d ON public.seats USING btree (bus_id);


--
-- Name: social_auth_code_code_a2393167; Type: INDEX; Schema: public; Owner: postgres
--

CREATE INDEX social_auth_code_code_a2393167 ON public.social_auth_code USING btree (code);


--
-- Name: social_auth_code_code_a2393167_like; Type: INDEX; Schema: public; Owner: postgres
--

CREATE INDEX social_auth_code_code_a2393167_like ON public.social_auth_code USING btree (code varchar_pattern_ops);


--
-- Name: social_auth_code_timestamp_176b341f; Type: INDEX; Schema: public; Owner: postgres
--

CREATE INDEX social_auth_code_timestamp_176b341f ON public.social_auth_code USING btree ("timestamp");


--
-- Name: social_auth_partial_timestamp_50f2119f; Type: INDEX; Schema: public; Owner: postgres
--

CREATE INDEX social_auth_partial_timestamp_50f2119f ON public.social_auth_partial USING btree ("timestamp");


--
-- Name: social_auth_partial_token_3017fea3; Type: INDEX; Schema: public; Owner: postgres
--

CREATE INDEX social_auth_partial_token_3017fea3 ON public.social_auth_partial USING btree (token);


--
-- Name: social_auth_partial_token_3017fea3_like; Type: INDEX; Schema: public; Owner: postgres
--

CREATE INDEX social_auth_partial_token_3017fea3_like ON public.social_auth_partial USING btree (token varchar_pattern_ops);


--
-- Name: social_auth_usersocialauth_uid_796e51dc; Type: INDEX; Schema: public; Owner: postgres
--

CREATE INDEX social_auth_usersocialauth_uid_796e51dc ON public.social_auth_usersocialauth USING btree (uid);


--
-- Name: social_auth_usersocialauth_uid_796e51dc_like; Type: INDEX; Schema: public; Owner: postgres
--

CREATE INDEX social_auth_usersocialauth_uid_796e51dc_like ON public.social_auth_usersocialauth USING btree (uid varchar_pattern_ops);


--
-- Name: social_auth_usersocialauth_user_id_17d28448; Type: INDEX; Schema: public; Owner: postgres
--

CREATE INDEX social_auth_usersocialauth_user_id_17d28448 ON public.social_auth_usersocialauth USING btree (user_id);


--
-- Name: tickets_booking_id_d9ce02d0; Type: INDEX; Schema: public; Owner: postgres
--

CREATE INDEX tickets_booking_id_d9ce02d0 ON public.tickets USING btree (booking_id);


--
-- Name: tickets_seat_id_e8dc5a36; Type: INDEX; Schema: public; Owner: postgres
--

CREATE INDEX tickets_seat_id_e8dc5a36 ON public.tickets USING btree (seat_id);


--
-- Name: tickets_trip_id_b68c10e7; Type: INDEX; Schema: public; Owner: postgres
--

CREATE INDEX tickets_trip_id_b68c10e7 ON public.tickets USING btree (trip_id);


--
-- Name: trips_bus_id_0f292d2d; Type: INDEX; Schema: public; Owner: postgres
--

CREATE INDEX trips_bus_id_0f292d2d ON public.trips USING btree (bus_id);


--
-- Name: trips_route_id_715fed1b; Type: INDEX; Schema: public; Owner: postgres
--

CREATE INDEX trips_route_id_715fed1b ON public.trips USING btree (route_id);


--
-- Name: user_sessions_session_key_5c5616a8_like; Type: INDEX; Schema: public; Owner: postgres
--

CREATE INDEX user_sessions_session_key_5c5616a8_like ON public.user_sessions USING btree (session_key varchar_pattern_ops);


--
-- Name: user_sessions_user_id_43ce9642; Type: INDEX; Schema: public; Owner: postgres
--

CREATE INDEX user_sessions_user_id_43ce9642 ON public.user_sessions USING btree (user_id);


--
-- Name: users_email_0ea73cca_like; Type: INDEX; Schema: public; Owner: postgres
--

CREATE INDEX users_email_0ea73cca_like ON public.users USING btree (email varchar_pattern_ops);


--
-- Name: users_username_e8658fc8_like; Type: INDEX; Schema: public; Owner: postgres
--

CREATE INDEX users_username_e8658fc8_like ON public.users USING btree (username varchar_pattern_ops);


--
-- Name: auth_group_permissions auth_group_permissio_permission_id_84c5c92e_fk_auth_perm; Type: FK CONSTRAINT; Schema: public; Owner: postgres
--

ALTER TABLE ONLY public.auth_group_permissions
    ADD CONSTRAINT auth_group_permissio_permission_id_84c5c92e_fk_auth_perm FOREIGN KEY (permission_id) REFERENCES public.auth_permission(id) DEFERRABLE INITIALLY DEFERRED;


--
-- Name: auth_group_permissions auth_group_permissions_group_id_b120cbf9_fk_auth_group_id; Type: FK CONSTRAINT; Schema: public; Owner: postgres
--

ALTER TABLE ONLY public.auth_group_permissions
    ADD CONSTRAINT auth_group_permissions_group_id_b120cbf9_fk_auth_group_id FOREIGN KEY (group_id) REFERENCES public.auth_group(id) DEFERRABLE INITIALLY DEFERRED;


--
-- Name: auth_permission auth_permission_content_type_id_2f476e4b_fk_django_co; Type: FK CONSTRAINT; Schema: public; Owner: postgres
--

ALTER TABLE ONLY public.auth_permission
    ADD CONSTRAINT auth_permission_content_type_id_2f476e4b_fk_django_co FOREIGN KEY (content_type_id) REFERENCES public.django_content_type(id) DEFERRABLE INITIALLY DEFERRED;


--
-- Name: bookings bookings_trip_id_89bc46e9_fk_trips_id; Type: FK CONSTRAINT; Schema: public; Owner: postgres
--

ALTER TABLE ONLY public.bookings
    ADD CONSTRAINT bookings_trip_id_89bc46e9_fk_trips_id FOREIGN KEY (trip_id) REFERENCES public.trips(id) DEFERRABLE INITIALLY DEFERRED;


--
-- Name: bookings bookings_user_id_6e734b08_fk_users_id; Type: FK CONSTRAINT; Schema: public; Owner: postgres
--

ALTER TABLE ONLY public.bookings
    ADD CONSTRAINT bookings_user_id_6e734b08_fk_users_id FOREIGN KEY (user_id) REFERENCES public.users(id) DEFERRABLE INITIALLY DEFERRED;


--
-- Name: django_admin_log django_admin_log_content_type_id_c4bce8eb_fk_django_co; Type: FK CONSTRAINT; Schema: public; Owner: postgres
--

ALTER TABLE ONLY public.django_admin_log
    ADD CONSTRAINT django_admin_log_content_type_id_c4bce8eb_fk_django_co FOREIGN KEY (content_type_id) REFERENCES public.django_content_type(id) DEFERRABLE INITIALLY DEFERRED;


--
-- Name: django_admin_log django_admin_log_user_id_c564eba6_fk_users_id; Type: FK CONSTRAINT; Schema: public; Owner: postgres
--

ALTER TABLE ONLY public.django_admin_log
    ADD CONSTRAINT django_admin_log_user_id_c564eba6_fk_users_id FOREIGN KEY (user_id) REFERENCES public.users(id) DEFERRABLE INITIALLY DEFERRED;


--
-- Name: payments payments_booking_id_fa2b6c3e_fk_bookings_id; Type: FK CONSTRAINT; Schema: public; Owner: postgres
--

ALTER TABLE ONLY public.payments
    ADD CONSTRAINT payments_booking_id_fa2b6c3e_fk_bookings_id FOREIGN KEY (booking_id) REFERENCES public.bookings(id) DEFERRABLE INITIALLY DEFERRED;


--
-- Name: routes routes_end_location_id_887fe0af_fk_locations_id; Type: FK CONSTRAINT; Schema: public; Owner: postgres
--

ALTER TABLE ONLY public.routes
    ADD CONSTRAINT routes_end_location_id_887fe0af_fk_locations_id FOREIGN KEY (end_location_id) REFERENCES public.locations(id) DEFERRABLE INITIALLY DEFERRED;


--
-- Name: routes routes_start_location_id_355e3cb1_fk_locations_id; Type: FK CONSTRAINT; Schema: public; Owner: postgres
--

ALTER TABLE ONLY public.routes
    ADD CONSTRAINT routes_start_location_id_355e3cb1_fk_locations_id FOREIGN KEY (start_location_id) REFERENCES public.locations(id) DEFERRABLE INITIALLY DEFERRED;


--
-- Name: seats seats_bus_id_6ef4699d_fk_buses_id; Type: FK CONSTRAINT; Schema: public; Owner: postgres
--

ALTER TABLE ONLY public.seats
    ADD CONSTRAINT seats_bus_id_6ef4699d_fk_buses_id FOREIGN KEY (bus_id) REFERENCES public.buses(id) DEFERRABLE INITIALLY DEFERRED;


--
-- Name: social_auth_usersocialauth social_auth_usersocialauth_user_id_17d28448_fk_users_id; Type: FK CONSTRAINT; Schema: public; Owner: postgres
--

ALTER TABLE ONLY public.social_auth_usersocialauth
    ADD CONSTRAINT social_auth_usersocialauth_user_id_17d28448_fk_users_id FOREIGN KEY (user_id) REFERENCES public.users(id) DEFERRABLE INITIALLY DEFERRED;


--
-- Name: tickets tickets_booking_id_d9ce02d0_fk_bookings_id; Type: FK CONSTRAINT; Schema: public; Owner: postgres
--

ALTER TABLE ONLY public.tickets
    ADD CONSTRAINT tickets_booking_id_d9ce02d0_fk_bookings_id FOREIGN KEY (booking_id) REFERENCES public.bookings(id) DEFERRABLE INITIALLY DEFERRED;


--
-- Name: tickets tickets_seat_id_e8dc5a36_fk_seats_id; Type: FK CONSTRAINT; Schema: public; Owner: postgres
--

ALTER TABLE ONLY public.tickets
    ADD CONSTRAINT tickets_seat_id_e8dc5a36_fk_seats_id FOREIGN KEY (seat_id) REFERENCES public.seats(id) DEFERRABLE INITIALLY DEFERRED;


--
-- Name: tickets tickets_trip_id_b68c10e7_fk_trips_id; Type: FK CONSTRAINT; Schema: public; Owner: postgres
--

ALTER TABLE ONLY public.tickets
    ADD CONSTRAINT tickets_trip_id_b68c10e7_fk_trips_id FOREIGN KEY (trip_id) REFERENCES public.trips(id) DEFERRABLE INITIALLY DEFERRED;


--
-- Name: trips trips_bus_id_0f292d2d_fk_buses_id; Type: FK CONSTRAINT; Schema: public; Owner: postgres
--

ALTER TABLE ONLY public.trips
    ADD CONSTRAINT trips_bus_id_0f292d2d_fk_buses_id FOREIGN KEY (bus_id) REFERENCES public.buses(id) DEFERRABLE INITIALLY DEFERRED;


--
-- Name: trips trips_route_id_715fed1b_fk_routes_id; Type: FK CONSTRAINT; Schema: public; Owner: postgres
--

ALTER TABLE ONLY public.trips
    ADD CONSTRAINT trips_route_id_715fed1b_fk_routes_id FOREIGN KEY (route_id) REFERENCES public.routes(id) DEFERRABLE INITIALLY DEFERRED;


--
-- Name: user_sessions user_sessions_user_id_43ce9642_fk_users_id; Type: FK CONSTRAINT; Schema: public; Owner: postgres
--

ALTER TABLE ONLY public.user_sessions
    ADD CONSTRAINT user_sessions_user_id_43ce9642_fk_users_id FOREIGN KEY (user_id) REFERENCES public.users(id) DEFERRABLE INITIALLY DEFERRED;


--
-- PostgreSQL database dump complete
--

\unrestrict SXFImge09WO5GQDtaFEGligRyeutbFaqRrdqjGH6Oe9V3QmxwomyGbgtOzRfEG0

