--
-- PostgreSQL database dump
--

\restrict QzDwqteTZGTFk0siPA8mJjWLco8LnFz66mgUWLBotp5fWVhQSLMz8V2R9vuc5aW

-- Dumped from database version 17.6 (Ubuntu 17.6-2.pgdg24.04+1)
-- Dumped by pg_dump version 18.0 (Ubuntu 18.0-1.pgdg24.04+3)

SET statement_timeout = 0;
SET lock_timeout = 0;
SET idle_in_transaction_session_timeout = 0;
SET transaction_timeout = 0;
SET client_encoding = 'UTF8';
SET standard_conforming_strings = on;
SELECT pg_catalog.set_config('search_path', '', false);
SET check_function_bodies = false;
SET xmloption = content;
SET client_min_messages = warning;
SET row_security = off;

SET default_tablespace = '';

SET default_table_access_method = heap;

--
-- Name: auth_group; Type: TABLE; Schema: public; Owner: postgres
--

CREATE TABLE public.auth_group (
    id integer NOT NULL,
    name character varying(150) NOT NULL
);


ALTER TABLE public.auth_group OWNER TO postgres;

--
-- Name: auth_group_id_seq; Type: SEQUENCE; Schema: public; Owner: postgres
--

ALTER TABLE public.auth_group ALTER COLUMN id ADD GENERATED BY DEFAULT AS IDENTITY (
    SEQUENCE NAME public.auth_group_id_seq
    START WITH 1
    INCREMENT BY 1
    NO MINVALUE
    NO MAXVALUE
    CACHE 1
);


--
-- Name: auth_group_permissions; Type: TABLE; Schema: public; Owner: postgres
--

CREATE TABLE public.auth_group_permissions (
    id bigint NOT NULL,
    group_id integer NOT NULL,
    permission_id integer NOT NULL
);


ALTER TABLE public.auth_group_permissions OWNER TO postgres;

--
-- Name: auth_group_permissions_id_seq; Type: SEQUENCE; Schema: public; Owner: postgres
--

ALTER TABLE public.auth_group_permissions ALTER COLUMN id ADD GENERATED BY DEFAULT AS IDENTITY (
    SEQUENCE NAME public.auth_group_permissions_id_seq
    START WITH 1
    INCREMENT BY 1
    NO MINVALUE
    NO MAXVALUE
    CACHE 1
);


--
-- Name: auth_permission; Type: TABLE; Schema: public; Owner: postgres
--

CREATE TABLE public.auth_permission (
    id integer NOT NULL,
    name character varying(255) NOT NULL,
    content_type_id integer NOT NULL,
    codename character varying(100) NOT NULL
);


ALTER TABLE public.auth_permission OWNER TO postgres;

--
-- Name: auth_permission_id_seq; Type: SEQUENCE; Schema: public; Owner: postgres
--

ALTER TABLE public.auth_permission ALTER COLUMN id ADD GENERATED BY DEFAULT AS IDENTITY (
    SEQUENCE NAME public.auth_permission_id_seq
    START WITH 1
    INCREMENT BY 1
    NO MINVALUE
    NO MAXVALUE
    CACHE 1
);


--
-- Name: auth_user; Type: TABLE; Schema: public; Owner: postgres
--

CREATE TABLE public.auth_user (
    id integer NOT NULL,
    password character varying(128) NOT NULL,
    last_login timestamp with time zone,
    is_superuser boolean NOT NULL,
    username character varying(150) NOT NULL,
    first_name character varying(150) NOT NULL,
    last_name character varying(150) NOT NULL,
    email character varying(254) NOT NULL,
    is_staff boolean NOT NULL,
    is_active boolean NOT NULL,
    date_joined timestamp with time zone NOT NULL
);


ALTER TABLE public.auth_user OWNER TO postgres;

--
-- Name: auth_user_groups; Type: TABLE; Schema: public; Owner: postgres
--

CREATE TABLE public.auth_user_groups (
    id bigint NOT NULL,
    user_id integer NOT NULL,
    group_id integer NOT NULL
);


ALTER TABLE public.auth_user_groups OWNER TO postgres;

--
-- Name: auth_user_groups_id_seq; Type: SEQUENCE; Schema: public; Owner: postgres
--

ALTER TABLE public.auth_user_groups ALTER COLUMN id ADD GENERATED BY DEFAULT AS IDENTITY (
    SEQUENCE NAME public.auth_user_groups_id_seq
    START WITH 1
    INCREMENT BY 1
    NO MINVALUE
    NO MAXVALUE
    CACHE 1
);


--
-- Name: auth_user_id_seq; Type: SEQUENCE; Schema: public; Owner: postgres
--

ALTER TABLE public.auth_user ALTER COLUMN id ADD GENERATED BY DEFAULT AS IDENTITY (
    SEQUENCE NAME public.auth_user_id_seq
    START WITH 1
    INCREMENT BY 1
    NO MINVALUE
    NO MAXVALUE
    CACHE 1
);


--
-- Name: auth_user_user_permissions; Type: TABLE; Schema: public; Owner: postgres
--

CREATE TABLE public.auth_user_user_permissions (
    id bigint NOT NULL,
    user_id integer NOT NULL,
    permission_id integer NOT NULL
);


ALTER TABLE public.auth_user_user_permissions OWNER TO postgres;

--
-- Name: auth_user_user_permissions_id_seq; Type: SEQUENCE; Schema: public; Owner: postgres
--

ALTER TABLE public.auth_user_user_permissions ALTER COLUMN id ADD GENERATED BY DEFAULT AS IDENTITY (
    SEQUENCE NAME public.auth_user_user_permissions_id_seq
    START WITH 1
    INCREMENT BY 1
    NO MINVALUE
    NO MAXVALUE
    CACHE 1
);


--
-- Name: authtoken_token; Type: TABLE; Schema: public; Owner: postgres
--

CREATE TABLE public.authtoken_token (
    key character varying(40) NOT NULL,
    created timestamp with time zone NOT NULL,
    user_id integer NOT NULL
);


ALTER TABLE public.authtoken_token OWNER TO postgres;

--
-- Name: bookings; Type: TABLE; Schema: public; Owner: postgres
--

CREATE TABLE public.bookings (
    id bigint NOT NULL,
    number_of_seats integer NOT NULL,
    total_amount numeric(10,2) NOT NULL,
    booking_time timestamp with time zone NOT NULL,
    status character varying(10) NOT NULL,
    trip_id bigint NOT NULL,
    user_id bigint NOT NULL,
    CONSTRAINT bookings_number_of_seats_check CHECK ((number_of_seats >= 0))
);


ALTER TABLE public.bookings OWNER TO postgres;

--
-- Name: bookings_id_seq; Type: SEQUENCE; Schema: public; Owner: postgres
--

ALTER TABLE public.bookings ALTER COLUMN id ADD GENERATED BY DEFAULT AS IDENTITY (
    SEQUENCE NAME public.bookings_id_seq
    START WITH 1
    INCREMENT BY 1
    NO MINVALUE
    NO MAXVALUE
    CACHE 1
);


--
-- Name: buses; Type: TABLE; Schema: public; Owner: postgres
--

CREATE TABLE public.buses (
    id bigint NOT NULL,
    license_plate character varying(30) NOT NULL,
    model character varying(100) NOT NULL,
    total_seats integer NOT NULL,
    manufacture_year integer NOT NULL,
    CONSTRAINT buses_manufacture_year_check CHECK ((manufacture_year >= 0)),
    CONSTRAINT buses_total_seats_check CHECK ((total_seats >= 0))
);


ALTER TABLE public.buses OWNER TO postgres;

--
-- Name: buses_id_seq; Type: SEQUENCE; Schema: public; Owner: postgres
--

ALTER TABLE public.buses ALTER COLUMN id ADD GENERATED BY DEFAULT AS IDENTITY (
    SEQUENCE NAME public.buses_id_seq
    START WITH 1
    INCREMENT BY 1
    NO MINVALUE
    NO MAXVALUE
    CACHE 1
);


--
-- Name: django_admin_log; Type: TABLE; Schema: public; Owner: postgres
--

CREATE TABLE public.django_admin_log (
    id integer NOT NULL,
    action_time timestamp with time zone NOT NULL,
    object_id text,
    object_repr character varying(200) NOT NULL,
    action_flag smallint NOT NULL,
    change_message text NOT NULL,
    content_type_id integer,
    user_id integer NOT NULL,
    CONSTRAINT django_admin_log_action_flag_check CHECK ((action_flag >= 0))
);


ALTER TABLE public.django_admin_log OWNER TO postgres;

--
-- Name: django_admin_log_id_seq; Type: SEQUENCE; Schema: public; Owner: postgres
--

ALTER TABLE public.django_admin_log ALTER COLUMN id ADD GENERATED BY DEFAULT AS IDENTITY (
    SEQUENCE NAME public.django_admin_log_id_seq
    START WITH 1
    INCREMENT BY 1
    NO MINVALUE
    NO MAXVALUE
    CACHE 1
);


--
-- Name: django_content_type; Type: TABLE; Schema: public; Owner: postgres
--

CREATE TABLE public.django_content_type (
    id integer NOT NULL,
    app_label character varying(100) NOT NULL,
    model character varying(100) NOT NULL
);


ALTER TABLE public.django_content_type OWNER TO postgres;

--
-- Name: django_content_type_id_seq; Type: SEQUENCE; Schema: public; Owner: postgres
--

ALTER TABLE public.django_content_type ALTER COLUMN id ADD GENERATED BY DEFAULT AS IDENTITY (
    SEQUENCE NAME public.django_content_type_id_seq
    START WITH 1
    INCREMENT BY 1
    NO MINVALUE
    NO MAXVALUE
    CACHE 1
);


--
-- Name: django_migrations; Type: TABLE; Schema: public; Owner: postgres
--

CREATE TABLE public.django_migrations (
    id bigint NOT NULL,
    app character varying(255) NOT NULL,
    name character varying(255) NOT NULL,
    applied timestamp with time zone NOT NULL
);


ALTER TABLE public.django_migrations OWNER TO postgres;

--
-- Name: django_migrations_id_seq; Type: SEQUENCE; Schema: public; Owner: postgres
--

ALTER TABLE public.django_migrations ALTER COLUMN id ADD GENERATED BY DEFAULT AS IDENTITY (
    SEQUENCE NAME public.django_migrations_id_seq
    START WITH 1
    INCREMENT BY 1
    NO MINVALUE
    NO MAXVALUE
    CACHE 1
);


--
-- Name: django_session; Type: TABLE; Schema: public; Owner: postgres
--

CREATE TABLE public.django_session (
    session_key character varying(40) NOT NULL,
    session_data text NOT NULL,
    expire_date timestamp with time zone NOT NULL
);


ALTER TABLE public.django_session OWNER TO postgres;

--
-- Name: locations; Type: TABLE; Schema: public; Owner: postgres
--

CREATE TABLE public.locations (
    id bigint NOT NULL,
    name character varying(255) NOT NULL,
    city character varying(100) NOT NULL
);


ALTER TABLE public.locations OWNER TO postgres;

--
-- Name: locations_id_seq; Type: SEQUENCE; Schema: public; Owner: postgres
--

ALTER TABLE public.locations ALTER COLUMN id ADD GENERATED BY DEFAULT AS IDENTITY (
    SEQUENCE NAME public.locations_id_seq
    START WITH 1
    INCREMENT BY 1
    NO MINVALUE
    NO MAXVALUE
    CACHE 1
);


--
-- Name: payments; Type: TABLE; Schema: public; Owner: postgres
--

CREATE TABLE public.payments (
    id bigint NOT NULL,
    amount numeric(10,2) NOT NULL,
    payment_method character varying(20) NOT NULL,
    transaction_code character varying(255) NOT NULL,
    status character varying(10) NOT NULL,
    payment_time timestamp with time zone NOT NULL,
    booking_id bigint NOT NULL,
    wallet_id uuid
);


ALTER TABLE public.payments OWNER TO postgres;

--
-- Name: payments_id_seq; Type: SEQUENCE; Schema: public; Owner: postgres
--

ALTER TABLE public.payments ALTER COLUMN id ADD GENERATED BY DEFAULT AS IDENTITY (
    SEQUENCE NAME public.payments_id_seq
    START WITH 1
    INCREMENT BY 1
    NO MINVALUE
    NO MAXVALUE
    CACHE 1
);


--
-- Name: routes; Type: TABLE; Schema: public; Owner: postgres
--

CREATE TABLE public.routes (
    id bigint NOT NULL,
    distance_km double precision NOT NULL,
    end_location_id bigint NOT NULL,
    start_location_id bigint NOT NULL
);


ALTER TABLE public.routes OWNER TO postgres;

--
-- Name: routes_id_seq; Type: SEQUENCE; Schema: public; Owner: postgres
--

ALTER TABLE public.routes ALTER COLUMN id ADD GENERATED BY DEFAULT AS IDENTITY (
    SEQUENCE NAME public.routes_id_seq
    START WITH 1
    INCREMENT BY 1
    NO MINVALUE
    NO MAXVALUE
    CACHE 1
);


--
-- Name: seats; Type: TABLE; Schema: public; Owner: postgres
--

CREATE TABLE public.seats (
    id bigint NOT NULL,
    seat_number character varying(10) NOT NULL,
    is_available boolean NOT NULL,
    bus_id bigint NOT NULL
);


ALTER TABLE public.seats OWNER TO postgres;

--
-- Name: seats_id_seq; Type: SEQUENCE; Schema: public; Owner: postgres
--

ALTER TABLE public.seats ALTER COLUMN id ADD GENERATED BY DEFAULT AS IDENTITY (
    SEQUENCE NAME public.seats_id_seq
    START WITH 1
    INCREMENT BY 1
    NO MINVALUE
    NO MAXVALUE
    CACHE 1
);


--
-- Name: social_auth_association; Type: TABLE; Schema: public; Owner: postgres
--

CREATE TABLE public.social_auth_association (
    id bigint NOT NULL,
    server_url character varying(255) NOT NULL,
    handle character varying(255) NOT NULL,
    secret character varying(255) NOT NULL,
    issued integer NOT NULL,
    lifetime integer NOT NULL,
    assoc_type character varying(64) NOT NULL
);


ALTER TABLE public.social_auth_association OWNER TO postgres;

--
-- Name: social_auth_association_id_seq; Type: SEQUENCE; Schema: public; Owner: postgres
--

ALTER TABLE public.social_auth_association ALTER COLUMN id ADD GENERATED BY DEFAULT AS IDENTITY (
    SEQUENCE NAME public.social_auth_association_id_seq
    START WITH 1
    INCREMENT BY 1
    NO MINVALUE
    NO MAXVALUE
    CACHE 1
);


--
-- Name: social_auth_code; Type: TABLE; Schema: public; Owner: postgres
--

CREATE TABLE public.social_auth_code (
    id bigint NOT NULL,
    email character varying(254) NOT NULL,
    code character varying(32) NOT NULL,
    verified boolean NOT NULL,
    "timestamp" timestamp with time zone NOT NULL
);


ALTER TABLE public.social_auth_code OWNER TO postgres;

--
-- Name: social_auth_code_id_seq; Type: SEQUENCE; Schema: public; Owner: postgres
--

ALTER TABLE public.social_auth_code ALTER COLUMN id ADD GENERATED BY DEFAULT AS IDENTITY (
    SEQUENCE NAME public.social_auth_code_id_seq
    START WITH 1
    INCREMENT BY 1
    NO MINVALUE
    NO MAXVALUE
    CACHE 1
);


--
-- Name: social_auth_nonce; Type: TABLE; Schema: public; Owner: postgres
--

CREATE TABLE public.social_auth_nonce (
    id bigint NOT NULL,
    server_url character varying(255) NOT NULL,
    "timestamp" integer NOT NULL,
    salt character varying(65) NOT NULL
);


ALTER TABLE public.social_auth_nonce OWNER TO postgres;

--
-- Name: social_auth_nonce_id_seq; Type: SEQUENCE; Schema: public; Owner: postgres
--

ALTER TABLE public.social_auth_nonce ALTER COLUMN id ADD GENERATED BY DEFAULT AS IDENTITY (
    SEQUENCE NAME public.social_auth_nonce_id_seq
    START WITH 1
    INCREMENT BY 1
    NO MINVALUE
    NO MAXVALUE
    CACHE 1
);


--
-- Name: social_auth_partial; Type: TABLE; Schema: public; Owner: postgres
--

CREATE TABLE public.social_auth_partial (
    id bigint NOT NULL,
    token character varying(32) NOT NULL,
    next_step smallint NOT NULL,
    backend character varying(32) NOT NULL,
    "timestamp" timestamp with time zone NOT NULL,
    data jsonb NOT NULL,
    CONSTRAINT social_auth_partial_next_step_check CHECK ((next_step >= 0))
);


ALTER TABLE public.social_auth_partial OWNER TO postgres;

--
-- Name: social_auth_partial_id_seq; Type: SEQUENCE; Schema: public; Owner: postgres
--

ALTER TABLE public.social_auth_partial ALTER COLUMN id ADD GENERATED BY DEFAULT AS IDENTITY (
    SEQUENCE NAME public.social_auth_partial_id_seq
    START WITH 1
    INCREMENT BY 1
    NO MINVALUE
    NO MAXVALUE
    CACHE 1
);


--
-- Name: social_auth_usersocialauth; Type: TABLE; Schema: public; Owner: postgres
--

CREATE TABLE public.social_auth_usersocialauth (
    id bigint NOT NULL,
    provider character varying(32) NOT NULL,
    uid character varying(255) NOT NULL,
    user_id integer NOT NULL,
    created timestamp with time zone NOT NULL,
    modified timestamp with time zone NOT NULL,
    extra_data jsonb NOT NULL
);


ALTER TABLE public.social_auth_usersocialauth OWNER TO postgres;

--
-- Name: social_auth_usersocialauth_id_seq; Type: SEQUENCE; Schema: public; Owner: postgres
--

ALTER TABLE public.social_auth_usersocialauth ALTER COLUMN id ADD GENERATED BY DEFAULT AS IDENTITY (
    SEQUENCE NAME public.social_auth_usersocialauth_id_seq
    START WITH 1
    INCREMENT BY 1
    NO MINVALUE
    NO MAXVALUE
    CACHE 1
);


--
-- Name: tickets; Type: TABLE; Schema: public; Owner: postgres
--

CREATE TABLE public.tickets (
    id bigint NOT NULL,
    price numeric(10,2) NOT NULL,
    passenger_name character varying(100) NOT NULL,
    booking_id bigint NOT NULL,
    seat_id bigint NOT NULL,
    trip_id bigint NOT NULL
);


ALTER TABLE public.tickets OWNER TO postgres;

--
-- Name: tickets_id_seq; Type: SEQUENCE; Schema: public; Owner: postgres
--

ALTER TABLE public.tickets ALTER COLUMN id ADD GENERATED BY DEFAULT AS IDENTITY (
    SEQUENCE NAME public.tickets_id_seq
    START WITH 1
    INCREMENT BY 1
    NO MINVALUE
    NO MAXVALUE
    CACHE 1
);


--
-- Name: trips; Type: TABLE; Schema: public; Owner: postgres
--

CREATE TABLE public.trips (
    id bigint NOT NULL,
    departure_time timestamp with time zone NOT NULL,
    arrival_time timestamp with time zone NOT NULL,
    price_per_seat numeric(10,2) NOT NULL,
    bus_id bigint NOT NULL,
    route_id bigint NOT NULL
);


ALTER TABLE public.trips OWNER TO postgres;

--
-- Name: trips_id_seq; Type: SEQUENCE; Schema: public; Owner: postgres
--

ALTER TABLE public.trips ALTER COLUMN id ADD GENERATED BY DEFAULT AS IDENTITY (
    SEQUENCE NAME public.trips_id_seq
    START WITH 1
    INCREMENT BY 1
    NO MINVALUE
    NO MAXVALUE
    CACHE 1
);


--
-- Name: user_sessions; Type: TABLE; Schema: public; Owner: postgres
--

CREATE TABLE public.user_sessions (
    id bigint NOT NULL,
    session_key character varying(255) NOT NULL,
    created_at timestamp with time zone NOT NULL,
    last_activity timestamp with time zone NOT NULL,
    ip_address inet NOT NULL,
    user_agent character varying(255) NOT NULL,
    is_active boolean NOT NULL,
    user_id bigint NOT NULL
);


ALTER TABLE public.user_sessions OWNER TO postgres;

--
-- Name: user_sessions_id_seq; Type: SEQUENCE; Schema: public; Owner: postgres
--

ALTER TABLE public.user_sessions ALTER COLUMN id ADD GENERATED BY DEFAULT AS IDENTITY (
    SEQUENCE NAME public.user_sessions_id_seq
    START WITH 1
    INCREMENT BY 1
    NO MINVALUE
    NO MAXVALUE
    CACHE 1
);


--
-- Name: users; Type: TABLE; Schema: public; Owner: postgres
--

CREATE TABLE public.users (
    id bigint NOT NULL,
    username character varying(300) NOT NULL,
    email character varying(254) NOT NULL,
    first_name character varying(30) NOT NULL,
    last_name character varying(30) NOT NULL,
    password character varying(255) NOT NULL,
    role character varying(20) NOT NULL,
    permissions jsonb NOT NULL,
    is_active boolean NOT NULL,
    is_verified boolean NOT NULL,
    is_staff boolean NOT NULL,
    is_superuser boolean NOT NULL,
    date_joined timestamp with time zone NOT NULL,
    last_login timestamp with time zone
);


ALTER TABLE public.users OWNER TO postgres;

--
-- Name: users_id_seq; Type: SEQUENCE; Schema: public; Owner: postgres
--

ALTER TABLE public.users ALTER COLUMN id ADD GENERATED BY DEFAULT AS IDENTITY (
    SEQUENCE NAME public.users_id_seq
    START WITH 1
    INCREMENT BY 1
    NO MINVALUE
    NO MAXVALUE
    CACHE 1
);


--
-- Name: wallets; Type: TABLE; Schema: public; Owner: postgres
--

CREATE TABLE public.wallets (
    id uuid NOT NULL,
    user_id bigint NOT NULL,
    balance numeric(10,2) DEFAULT 0.00 NOT NULL,
    created_at timestamp with time zone NOT NULL,
    updated_at timestamp with time zone NOT NULL
);


ALTER TABLE public.wallets OWNER TO postgres;

--
-- Data for Name: auth_group; Type: TABLE DATA; Schema: public; Owner: postgres
--

COPY public.auth_group (id, name) FROM stdin;
\.


--
-- Data for Name: auth_group_permissions; Type: TABLE DATA; Schema: public; Owner: postgres
--

COPY public.auth_group_permissions (id, group_id, permission_id) FROM stdin;
\.


--
-- Data for Name: auth_permission; Type: TABLE DATA; Schema: public; Owner: postgres
--

COPY public.auth_permission (id, name, content_type_id, codename) FROM stdin;
1	Can add log entry	1	add_logentry
2	Can change log entry	1	change_logentry
3	Can delete log entry	1	delete_logentry
4	Can view log entry	1	view_logentry
5	Can add permission	2	add_permission
6	Can change permission	2	change_permission
7	Can delete permission	2	delete_permission
8	Can view permission	2	view_permission
9	Can add group	3	add_group
10	Can change group	3	change_group
11	Can delete group	3	delete_group
12	Can view group	3	view_group
13	Can add user	4	add_user
14	Can change user	4	change_user
15	Can delete user	4	delete_user
16	Can view user	4	view_user
17	Can add content type	5	add_contenttype
18	Can change content type	5	change_contenttype
19	Can delete content type	5	delete_contenttype
20	Can view content type	5	view_contenttype
21	Can add session	6	add_session
22	Can change session	6	change_session
23	Can delete session	6	delete_session
24	Can view session	6	view_session
25	Can add Token	7	add_token
26	Can change Token	7	change_token
27	Can delete Token	7	delete_token
28	Can view Token	7	view_token
29	Can add Token	8	add_tokenproxy
30	Can change Token	8	change_tokenproxy
31	Can delete Token	8	delete_tokenproxy
32	Can view Token	8	view_tokenproxy
33	Can add Ví điện tử	9	add_wallet
34	Can change Ví điện tử	9	change_wallet
35	Can delete Ví điện tử	9	delete_wallet
36	Can view Ví điện tử	9	view_wallet
37	Can add Giao dịch ví	10	add_wallettransaction
38	Can change Giao dịch ví	10	change_wallettransaction
39	Can delete Giao dịch ví	10	delete_wallettransaction
40	Can view Giao dịch ví	10	view_wallettransaction
41	Can add association	11	add_association
42	Can change association	11	change_association
43	Can delete association	11	delete_association
44	Can view association	11	view_association
45	Can add code	12	add_code
46	Can change code	12	change_code
47	Can delete code	12	delete_code
48	Can view code	12	view_code
49	Can add nonce	13	add_nonce
50	Can change nonce	13	change_nonce
51	Can delete nonce	13	delete_nonce
52	Can view nonce	13	view_nonce
53	Can add user social auth	14	add_usersocialauth
54	Can change user social auth	14	change_usersocialauth
55	Can delete user social auth	14	delete_usersocialauth
56	Can view user social auth	14	view_usersocialauth
57	Can add partial	15	add_partial
58	Can change partial	15	change_partial
59	Can delete partial	15	delete_partial
60	Can view partial	15	view_partial
\.


--
-- Data for Name: auth_user; Type: TABLE DATA; Schema: public; Owner: postgres
--

COPY public.auth_user (id, password, last_login, is_superuser, username, first_name, last_name, email, is_staff, is_active, date_joined) FROM stdin;
\.


--
-- Data for Name: auth_user_groups; Type: TABLE DATA; Schema: public; Owner: postgres
--

COPY public.auth_user_groups (id, user_id, group_id) FROM stdin;
\.


--
-- Data for Name: auth_user_user_permissions; Type: TABLE DATA; Schema: public; Owner: postgres
--

COPY public.auth_user_user_permissions (id, user_id, permission_id) FROM stdin;
\.


--
-- Data for Name: authtoken_token; Type: TABLE DATA; Schema: public; Owner: postgres
--

COPY public.authtoken_token (key, created, user_id) FROM stdin;
\.


--
-- Data for Name: bookings; Type: TABLE DATA; Schema: public; Owner: postgres
--

COPY public.bookings (id, number_of_seats, total_amount, booking_time, status, trip_id, user_id) FROM stdin;
1	1	450000.00	2025-10-27 15:36:55.157182+07	Pending	4	1
2	1	450000.00	2025-10-27 15:40:16.412476+07	Pending	4	1
3	1	450000.00	2025-10-27 15:40:55.31259+07	Pending	4	1
4	1	450000.00	2025-10-27 15:41:16.45124+07	Pending	4	1
5	1	450000.00	2025-10-27 15:42:10.98789+07	Pending	4	1
6	1	450000.00	2025-10-27 16:03:47.215767+07	Pending	4	1
7	1	450000.00	2025-10-27 16:21:23.907531+07	Pending	4	2
8	1	450000.00	2025-10-27 21:42:42.570782+07	Pending	4	1
9	1	450000.00	2025-10-27 21:43:30.583932+07	Pending	4	2
10	1	450000.00	2025-10-28 09:28:21.591966+07	Pending	5	1
\.


--
-- Data for Name: buses; Type: TABLE DATA; Schema: public; Owner: postgres
--

COPY public.buses (id, license_plate, model, total_seats, manufacture_year) FROM stdin;
1	51B-12345	Hyundai Universe	40	2022
2	51B-67890	Thaco Mobihome	34	2023
3	51B-11111	Mercedes-Benz Sprinter	16	2021
4	29B-987.65	Limousine	36	2024
5	29A-12345	Limousine	36	2024
6	36A-18036	Hyundai Universe	45	2023
7	18A-12345	Mercedes-Benz	11	2025
\.


--
-- Data for Name: django_admin_log; Type: TABLE DATA; Schema: public; Owner: postgres
--

COPY public.django_admin_log (id, action_time, object_id, object_repr, action_flag, change_message, content_type_id, user_id) FROM stdin;
\.


--
-- Data for Name: django_content_type; Type: TABLE DATA; Schema: public; Owner: postgres
--

COPY public.django_content_type (id, app_label, model) FROM stdin;
1	admin	logentry
2	auth	permission
3	auth	group
4	auth	user
5	contenttypes	contenttype
6	sessions	session
7	authtoken	token
8	authtoken	tokenproxy
9	payments	wallet
10	payments	wallettransaction
11	social_django	association
12	social_django	code
13	social_django	nonce
14	social_django	usersocialauth
15	social_django	partial
\.


--
-- Data for Name: django_migrations; Type: TABLE DATA; Schema: public; Owner: postgres
--

COPY public.django_migrations (id, app, name, applied) FROM stdin;
1	contenttypes	0001_initial	2025-10-27 00:19:27.848963+07
2	auth	0001_initial	2025-10-27 00:19:27.894449+07
3	admin	0001_initial	2025-10-27 00:19:27.919184+07
4	admin	0002_logentry_remove_auto_add	2025-10-27 00:19:27.939272+07
5	admin	0003_logentry_add_action_flag_choices	2025-10-27 00:19:27.953973+07
6	contenttypes	0002_remove_content_type_name	2025-10-27 00:19:27.982432+07
7	auth	0002_alter_permission_name_max_length	2025-10-27 00:19:27.997843+07
8	auth	0003_alter_user_email_max_length	2025-10-27 00:19:28.015374+07
9	auth	0004_alter_user_username_opts	2025-10-27 00:19:28.027866+07
10	auth	0005_alter_user_last_login_null	2025-10-27 00:19:28.038741+07
11	auth	0006_require_contenttypes_0002	2025-10-27 00:19:28.041642+07
12	auth	0007_alter_validators_add_error_messages	2025-10-27 00:19:28.054854+07
13	auth	0008_alter_user_username_max_length	2025-10-27 00:19:28.075856+07
14	auth	0009_alter_user_last_name_max_length	2025-10-27 00:19:28.09048+07
15	auth	0010_alter_group_name_max_length	2025-10-27 00:19:28.108246+07
16	auth	0011_update_proxy_permissions	2025-10-27 00:19:28.122176+07
17	auth	0012_alter_user_first_name_max_length	2025-10-27 00:19:28.137408+07
18	authtoken	0001_initial	2025-10-27 00:19:28.159583+07
19	authtoken	0002_auto_20160226_1747	2025-10-27 00:19:28.199635+07
20	authtoken	0003_tokenproxy	2025-10-27 00:19:28.203592+07
21	authtoken	0004_alter_tokenproxy_options	2025-10-27 00:19:28.208431+07
22	payments	0001_initial	2025-10-27 00:19:28.239857+07
23	sessions	0001_initial	2025-10-27 00:19:28.251044+07
24	default	0001_initial	2025-10-27 00:19:28.308987+07
25	social_auth	0001_initial	2025-10-27 00:19:28.310872+07
26	default	0002_add_related_name	2025-10-27 00:19:28.321013+07
27	social_auth	0002_add_related_name	2025-10-27 00:19:28.322831+07
28	default	0003_alter_email_max_length	2025-10-27 00:19:28.328393+07
29	social_auth	0003_alter_email_max_length	2025-10-27 00:19:28.330628+07
30	default	0004_auto_20160423_0400	2025-10-27 00:19:28.351226+07
31	social_auth	0004_auto_20160423_0400	2025-10-27 00:19:28.354396+07
32	social_auth	0005_auto_20160727_2333	2025-10-27 00:19:28.363582+07
33	social_django	0006_partial	2025-10-27 00:19:28.376713+07
34	social_django	0007_code_timestamp	2025-10-27 00:19:28.388104+07
35	social_django	0008_partial_timestamp	2025-10-27 00:19:28.399203+07
36	social_django	0009_auto_20191118_0520	2025-10-27 00:19:28.43656+07
37	social_django	0010_uid_db_index	2025-10-27 00:19:28.458187+07
38	social_django	0011_alter_id_fields	2025-10-27 00:19:28.518513+07
39	social_django	0012_usersocialauth_extra_data_new	2025-10-27 00:19:28.539234+07
40	social_django	0013_migrate_extra_data	2025-10-27 00:19:28.611383+07
41	social_django	0014_remove_usersocialauth_extra_data	2025-10-27 00:19:28.627253+07
42	social_django	0015_rename_extra_data_new_usersocialauth_extra_data	2025-10-27 00:19:28.641464+07
43	social_django	0016_alter_usersocialauth_extra_data	2025-10-27 00:19:28.654363+07
44	social_django	0002_add_related_name	2025-10-27 00:19:28.659999+07
45	social_django	0003_alter_email_max_length	2025-10-27 00:19:28.66257+07
46	social_django	0004_auto_20160423_0400	2025-10-27 00:19:28.665705+07
47	social_django	0005_auto_20160727_2333	2025-10-27 00:19:28.668458+07
48	social_django	0001_initial	2025-10-27 00:19:28.670874+07
49	payments	0002_remove_wallettransaction_recipient_and_more	2025-10-27 00:57:33.56404+07
51	payments	0001_create_wallets_table	2025-10-27 11:51:35.331172+07
52	payments	0002_add_wallet_id_to_payments	2025-10-27 11:51:35.33409+07
\.


--
-- Data for Name: django_session; Type: TABLE DATA; Schema: public; Owner: postgres
--

COPY public.django_session (session_key, session_data, expire_date) FROM stdin;
eswv3o3zqv2kluxitf1nsqekkis5cy3h	eyJ1c2VyX2lkIjoiMiIsInVzZXJuYW1lIjoiSnVzdGluQmllYmVyIiwic2Vzc2lvbl9rZXkiOiI0U1NVN0I3NWYzVGNycmFVS1pXSGxmY0hnTVpKMkhQVDRNRmszVmliaXNrIiwiaXNfYXV0aGVudGljYXRlZCI6dHJ1ZX0:1vDODL:aHF62NXud-7faeuGmNxHrOxxKmk7Z8zQdWld40RP780	2025-11-10 21:28:51.671307+07
\.


--
-- Data for Name: locations; Type: TABLE DATA; Schema: public; Owner: postgres
--

COPY public.locations (id, name, city) FROM stdin;
1	Bến xe Miền Đông	Hồ Chí Minh
2	Bến xe Miền Tây	Hồ Chí Minh
3	Bến xe An Sương	Hồ Chí Minh
4	Bến xe Đà Lạt	Lâm Đồng
5	Bến xe Nha Trang	Khánh Hòa
6	Bến xe Mỹ Đình	Hà Nội
7	Bến xe Trung tâm Đà Nẵng	Đà Nẵng
8	Bến xe Mỹ Đình	Hà Nội
9	Bến xe Trung tâm Đà Nẵng	Đà Nẵng
10	Bến xe Thanh Hóa	Thanh Hóa
11	Bến xe Nam Định	Nam Định
\.


--
-- Data for Name: payments; Type: TABLE DATA; Schema: public; Owner: postgres
--

COPY public.payments (id, amount, payment_method, transaction_code, status, payment_time, booking_id, wallet_id) FROM stdin;
1	450000.00	Bank Transfer	TXN001	Pending	2025-10-27 16:13:00.542147+07	1	\N
2	450000.00	Bank Transfer	TXN20251027170001	Completed	2025-10-27 17:02:47.209341+07	7	64d300e0-0441-442a-9b04-28e0ef30a6a4
3	450000.00	Bank Transfer	TXN$(date +%s)	Completed	2025-10-27 21:48:23.601449+07	9	\N
4	500000.00	Bank Transfer	TXN_DEMO_TEST_001	Completed	2025-10-27 22:03:45.248109+07	7	64d300e0-0441-442a-9b04-28e0ef30a6a4
6	450000.00	Bank Transfer	TXN_12345	Completed	2025-10-28 09:29:48.207606+07	10	\N
\.


--
-- Data for Name: routes; Type: TABLE DATA; Schema: public; Owner: postgres
--

COPY public.routes (id, distance_km, end_location_id, start_location_id) FROM stdin;
1	300	4	1
2	450	5	1
3	150	5	4
4	900.5	7	6
5	770.5	9	8
6	100.5	11	10
\.


--
-- Data for Name: seats; Type: TABLE DATA; Schema: public; Owner: postgres
--

COPY public.seats (id, seat_number, is_available, bus_id) FROM stdin;
1	A1	t	1
2	A2	t	1
3	A3	t	1
4	A4	t	1
5	A5	t	1
6	A6	t	1
7	A7	t	1
8	A8	t	1
9	A9	t	1
10	A10	t	1
11	A11	t	1
12	A12	t	1
13	A13	t	1
14	A14	t	1
15	A15	t	1
16	A16	t	1
17	A17	t	1
18	A18	t	1
19	A19	t	1
20	A20	t	1
21	A21	t	1
22	A22	t	1
23	A23	t	1
24	A24	t	1
25	A25	t	1
26	A26	t	1
27	A27	t	1
28	A28	t	1
29	A29	t	1
30	A30	t	1
31	A31	t	1
32	A32	t	1
33	A33	t	1
34	A34	t	1
35	A35	t	1
36	A36	t	1
37	A37	t	1
38	A38	t	1
39	A39	t	1
40	A40	t	1
41	B1	t	2
42	B2	t	2
43	B3	t	2
44	B4	t	2
45	B5	t	2
46	B6	t	2
47	B7	t	2
48	B8	t	2
49	B9	t	2
50	B10	t	2
51	B11	t	2
52	B12	t	2
53	B13	t	2
54	B14	t	2
55	B15	t	2
56	B16	t	2
57	B17	t	2
58	B18	t	2
59	B19	t	2
60	B20	t	2
61	B21	t	2
62	B22	t	2
63	B23	t	2
64	B24	t	2
65	B25	t	2
66	B26	t	2
67	B27	t	2
68	B28	t	2
69	B29	t	2
70	B30	t	2
71	B31	t	2
72	B32	t	2
73	B33	t	2
74	B34	t	2
75	A01	t	4
76	A02	t	4
77	A03	t	4
78	A04	t	4
79	A05	t	4
80	A06	t	4
81	A07	t	4
82	A08	t	4
83	A09	t	4
84	A10	t	4
85	B01	t	4
86	B02	t	4
87	B03	t	4
88	B04	t	4
89	B05	t	4
90	B06	t	4
91	B07	t	4
92	B08	t	4
93	B09	t	4
94	B10	t	4
95	C01	t	4
96	C02	t	4
97	C03	t	4
98	C04	t	4
99	C05	t	4
100	C06	t	4
101	C07	t	4
102	C08	t	4
103	C09	t	4
104	C10	t	4
105	D01	t	4
106	D02	t	4
107	D03	t	4
108	D04	t	4
109	D05	t	4
110	D06	t	4
111	A01	t	5
112	A02	t	5
113	A03	t	5
114	A04	t	5
115	A05	t	5
116	A06	t	5
117	A07	t	5
118	A08	t	5
119	A09	t	5
120	A10	t	5
121	B01	t	5
122	B02	t	5
123	B03	t	5
124	B04	t	5
125	B05	t	5
126	B06	t	5
127	B07	t	5
128	B08	t	5
129	B09	t	5
130	B10	t	5
131	C01	t	5
132	C02	t	5
133	C03	t	5
134	C04	t	5
135	C05	t	5
136	C06	t	5
137	C07	t	5
138	C08	t	5
139	C09	t	5
140	C10	t	5
141	D01	t	5
142	D02	t	5
143	D03	t	5
144	D04	t	5
145	D05	t	5
146	D06	t	5
147	A01	t	6
148	A02	t	6
149	A03	t	6
150	A04	t	6
151	A05	t	6
152	A06	t	6
153	A07	t	6
154	A08	t	6
155	A09	t	6
156	A10	t	6
157	B01	t	6
158	B02	t	6
159	B03	t	6
160	B04	t	6
161	B05	t	6
162	B06	t	6
163	B07	t	6
164	B08	t	6
165	B09	t	6
166	B10	t	6
167	C01	t	6
168	C02	t	6
169	C03	t	6
170	C04	t	6
171	C05	t	6
172	C06	t	6
173	C07	t	6
174	C08	t	6
175	C09	t	6
176	C10	t	6
177	D01	t	6
178	D02	t	6
179	D03	t	6
180	D04	t	6
181	D05	t	6
182	D06	t	6
183	D07	t	6
184	D08	t	6
185	D09	t	6
186	D10	t	6
187	E01	t	6
188	E02	t	6
189	E03	t	6
190	E04	t	6
191	E05	t	6
192	A01	t	7
193	A02	t	7
194	A03	t	7
195	A04	t	7
196	A05	t	7
197	A06	t	7
198	A07	t	7
199	A08	t	7
200	A09	t	7
201	A10	t	7
202	B01	t	7
\.


--
-- Data for Name: social_auth_association; Type: TABLE DATA; Schema: public; Owner: postgres
--

COPY public.social_auth_association (id, server_url, handle, secret, issued, lifetime, assoc_type) FROM stdin;
\.


--
-- Data for Name: social_auth_code; Type: TABLE DATA; Schema: public; Owner: postgres
--

COPY public.social_auth_code (id, email, code, verified, "timestamp") FROM stdin;
\.


--
-- Data for Name: social_auth_nonce; Type: TABLE DATA; Schema: public; Owner: postgres
--

COPY public.social_auth_nonce (id, server_url, "timestamp", salt) FROM stdin;
\.


--
-- Data for Name: social_auth_partial; Type: TABLE DATA; Schema: public; Owner: postgres
--

COPY public.social_auth_partial (id, token, next_step, backend, "timestamp", data) FROM stdin;
\.


--
-- Data for Name: social_auth_usersocialauth; Type: TABLE DATA; Schema: public; Owner: postgres
--

COPY public.social_auth_usersocialauth (id, provider, uid, user_id, created, modified, extra_data) FROM stdin;
\.


--
-- Data for Name: tickets; Type: TABLE DATA; Schema: public; Owner: postgres
--

COPY public.tickets (id, price, passenger_name, booking_id, seat_id, trip_id) FROM stdin;
1	450000.00	Nguyễn Văn A	1	75	4
2	450000.00	Trần Thị B	2	76	4
3	450000.00	Lê Văn C	3	77	4
4	450000.00	Phạm Thị D	4	85	4
5	450000.00	Nguyễn Thanh E	5	78	4
6	450000.00	Test User ID 1	6	86	4
7	450000.00	Justin Bieber	7	79	4
8	450000.00	Đỗ Nam Trung	8	87	4
9	450000.00	Kim Jong Il	9	88	4
10	450000.00	Nguyễn Văn A	10	111	5
\.


--
-- Data for Name: trips; Type: TABLE DATA; Schema: public; Owner: postgres
--

COPY public.trips (id, departure_time, arrival_time, price_per_seat, bus_id, route_id) FROM stdin;
1	2025-11-01 08:00:00+07	2025-11-01 14:00:00+07	250000.00	1	1
2	2025-11-01 20:00:00+07	2025-11-02 02:00:00+07	300000.00	2	1
3	2025-11-02 06:00:00+07	2025-11-02 16:00:00+07	400000.00	1	2
4	2025-12-21 03:00:00+07	2025-12-21 21:00:00+07	450000.00	4	4
5	2025-12-21 03:00:00+07	2025-12-21 21:00:00+07	450000.00	5	5
6	2025-12-11 16:00:00+07	2025-12-12 18:00:00+07	350000.00	6	6
7	2025-12-11 17:00:00+07	2025-12-11 19:00:00+07	350000.00	7	6
\.


--
-- Data for Name: user_sessions; Type: TABLE DATA; Schema: public; Owner: postgres
--

COPY public.user_sessions (id, session_key, created_at, last_activity, ip_address, user_agent, is_active, user_id) FROM stdin;
1	N0J2Kd4mZtHrdQe-7LpvlfpR04DSA5wvZTtW_oIGpYI	2025-10-27 10:21:13.221429+07	2025-10-27 10:21:13.22974+07	127.0.0.1	Mozilla/5.0 (X11; Linux x86_64) AppleWebKit/537.36 (KHTML, like Gecko) Chrome/141.0.0.0 Safari/537.36	t	2
2	As2H68wiw11Ms1FPME7rM-yE_1NQu0uDEb_KsL31Coo	2025-10-27 10:52:28.143663+07	2025-10-27 10:52:28.151385+07	127.0.0.1	Mozilla/5.0 (X11; Linux x86_64) AppleWebKit/537.36 (KHTML, like Gecko) Chrome/141.0.0.0 Safari/537.36	t	2
3	qmwgUEBfpWR5A_jll6T01nFvQY_MUleBRlogMx4zeLY	2025-10-27 14:56:07.740332+07	2025-10-27 14:56:07.747913+07	127.0.0.1	Mozilla/5.0 (X11; Linux x86_64) AppleWebKit/537.36 (KHTML, like Gecko) Chrome/141.0.0.0 Safari/537.36	t	2
8	4SSU7B75f3TcrraUKZWHlfcHgMZJ2HPT4MFk3Vibisk	2025-10-27 21:28:51.654364+07	2025-10-27 21:28:51.7037+07	127.0.0.1	Mozilla/5.0 (X11; Linux x86_64) AppleWebKit/537.36 (KHTML, like Gecko) Chrome/141.0.0.0 Safari/537.36	t	2
4	yZaQdzeBCjZp8O9BWWuIeW5ruj6p7R9P7_6rz--ajQ4	2025-10-27 15:36:36.130228+07	2025-10-27 15:36:36.137874+07	127.0.0.1	Mozilla/5.0 (X11; Linux x86_64) AppleWebKit/537.36 (KHTML, like Gecko) Chrome/141.0.0.0 Safari/537.36	t	2
9	aM8S7VMbc_Ec2JPVpY3q9kFmYmCS5GsLZVC5Q8x8wpc	2025-10-29 11:15:43.544224+07	2025-10-29 11:19:04.873162+07	127.0.0.1	Mozilla/5.0 (X11; Linux x86_64) AppleWebKit/537.36 (KHTML, like Gecko) Chrome/141.0.0.0 Safari/537.36	t	3
10	5MaYVfam6xaNe5K8CTyh8oxhsDrfqM1oHnhsQaXBnNY	2025-10-29 15:53:22.886206+07	2025-10-29 15:53:22.895386+07	127.0.0.1	Mozilla/5.0 (X11; Linux x86_64) AppleWebKit/537.36 (KHTML, like Gecko) Chrome/141.0.0.0 Safari/537.36	t	3
16	V-4aigc-DtGdzDoKl0a6U0tD1OO_KEpHb1yU8ICRIcI	2025-10-30 23:08:46.108444+07	2025-10-30 23:11:36.195194+07	127.0.0.1	Mozilla/5.0 (X11; Linux x86_64) AppleWebKit/537.36 (KHTML, like Gecko) Chrome/141.0.0.0 Safari/537.36	t	4
11	T8waoWxHkRG7_NP_9TUbmnNa_GbvAMcXc5kI7B5FRQk	2025-10-29 15:54:11.726557+07	2025-10-29 15:54:11.732982+07	127.0.0.1	Mozilla/5.0 (X11; Linux x86_64) AppleWebKit/537.36 (KHTML, like Gecko) Chrome/141.0.0.0 Safari/537.36	t	3
17	lIiA2MiqVfq6lvrbT-Ff-879KeLY9o6_z7RF8dYTwUA	2025-10-30 23:47:18.092499+07	2025-10-30 23:47:18.100085+07	127.0.0.1	Mozilla/5.0 (X11; Linux x86_64) AppleWebKit/537.36 (KHTML, like Gecko) Chrome/141.0.0.0 Safari/537.36	t	4
18	NM6LUX4ns1XFh6oFkBTkzaL49bPj0tJC9K39fzsdw2g	2025-10-31 00:03:42.953271+07	2025-10-31 00:03:42.961242+07	127.0.0.1	Mozilla/5.0 (X11; Linux x86_64) AppleWebKit/537.36 (KHTML, like Gecko) Chrome/141.0.0.0 Safari/537.36	t	4
12	j0QrPXzvzLhE8_UwA8lspmtOumR1W_uGAj83zdcHgB8	2025-10-30 22:33:50.475761+07	2025-10-30 22:38:21.579776+07	127.0.0.1	Mozilla/5.0 (X11; Linux x86_64) AppleWebKit/537.36 (KHTML, like Gecko) Chrome/141.0.0.0 Safari/537.36	t	3
13	xZVYibcI1vnQBGEBuDRBVxPwbICkjsKjqR8zT16tZRs	2025-10-30 22:57:16.219834+07	2025-10-30 22:57:16.22718+07	127.0.0.1	Mozilla/5.0 (X11; Linux x86_64) AppleWebKit/537.36 (KHTML, like Gecko) Chrome/141.0.0.0 Safari/537.36	t	3
\.


--
-- Data for Name: users; Type: TABLE DATA; Schema: public; Owner: postgres
--

COPY public.users (id, username, email, first_name, last_name, password, role, permissions, is_active, is_verified, is_staff, is_superuser, date_joined, last_login) FROM stdin;
1	Momosakuvn	CE04@ecotriph.com	Hiß║┐u	Nguyß╗àn	pbkdf2_sha256$600000$SLsZ76PExWCTqLHWEdQ4Gb$EmYBgQ6merdWFdV1QJUwIwKYS4C8OBqZj0MtU7MzBvE=	user	[]	t	f	f	f	2025-10-04 17:38:49.381407+07	\N
4	baba	babasausau@gmail.com	Ba	Ba	pbkdf2_sha256$600000$bMkwpFBg3pZf0KFeJkKpkO$mB+hou9yVBD/Ae0petc0zotKWm0lx/saoWnGiEto81s=	user	[]	t	f	f	f	2025-10-30 23:08:18.866072+07	2025-10-31 00:03:42.953844+07
2	JustinBieber	jusbie@example.com	Justin	Bieber	pbkdf2_sha256$600000$8Ls4D41qHIj8Hoz9Fc9QTL$rYrttbkS769SBxngHPjaxnqgBXyGwyJRd+hoYLWvKuE=	user	[]	t	f	f	f	2025-10-27 10:18:11.635346+07	2025-10-27 21:28:51.656618+07
3	JustinNguyen	nghung@gmail.com	Nguyen	Hung	pbkdf2_sha256$600000$yZC4sU6I8oaNhcTNYWPyOE$Y8kt+E1nvT6cWyYztT70dskfv9LiaJws7dp8EF13C34=	user	[]	t	f	f	f	2025-10-29 11:15:29.956854+07	2025-10-30 23:08:24.615169+07
\.


--
-- Data for Name: wallets; Type: TABLE DATA; Schema: public; Owner: postgres
--

COPY public.wallets (id, user_id, balance, created_at, updated_at) FROM stdin;
64d300e0-0441-442a-9b04-28e0ef30a6a4	2	3100000.00	2025-10-27 16:57:42.418645+07	2025-10-27 22:31:27.847828+07
\.


--
-- Name: auth_group_id_seq; Type: SEQUENCE SET; Schema: public; Owner: postgres
--

SELECT pg_catalog.setval('public.auth_group_id_seq', 1, false);


--
-- Name: auth_group_permissions_id_seq; Type: SEQUENCE SET; Schema: public; Owner: postgres
--

SELECT pg_catalog.setval('public.auth_group_permissions_id_seq', 1, false);


--
-- Name: auth_permission_id_seq; Type: SEQUENCE SET; Schema: public; Owner: postgres
--

SELECT pg_catalog.setval('public.auth_permission_id_seq', 80, true);


--
-- Name: auth_user_groups_id_seq; Type: SEQUENCE SET; Schema: public; Owner: postgres
--

SELECT pg_catalog.setval('public.auth_user_groups_id_seq', 1, false);


--
-- Name: auth_user_id_seq; Type: SEQUENCE SET; Schema: public; Owner: postgres
--

SELECT pg_catalog.setval('public.auth_user_id_seq', 1, false);


--
-- Name: auth_user_user_permissions_id_seq; Type: SEQUENCE SET; Schema: public; Owner: postgres
--

SELECT pg_catalog.setval('public.auth_user_user_permissions_id_seq', 1, false);


--
-- Name: bookings_id_seq; Type: SEQUENCE SET; Schema: public; Owner: postgres
--

SELECT pg_catalog.setval('public.bookings_id_seq', 10, true);


--
-- Name: buses_id_seq; Type: SEQUENCE SET; Schema: public; Owner: postgres
--

SELECT pg_catalog.setval('public.buses_id_seq', 7, true);


--
-- Name: django_admin_log_id_seq; Type: SEQUENCE SET; Schema: public; Owner: postgres
--

SELECT pg_catalog.setval('public.django_admin_log_id_seq', 1, false);


--
-- Name: django_content_type_id_seq; Type: SEQUENCE SET; Schema: public; Owner: postgres
--

SELECT pg_catalog.setval('public.django_content_type_id_seq', 20, true);


--
-- Name: django_migrations_id_seq; Type: SEQUENCE SET; Schema: public; Owner: postgres
--

SELECT pg_catalog.setval('public.django_migrations_id_seq', 52, true);


--
-- Name: locations_id_seq; Type: SEQUENCE SET; Schema: public; Owner: postgres
--

SELECT pg_catalog.setval('public.locations_id_seq', 11, true);


--
-- Name: payments_id_seq; Type: SEQUENCE SET; Schema: public; Owner: postgres
--

SELECT pg_catalog.setval('public.payments_id_seq', 8, true);


--
-- Name: routes_id_seq; Type: SEQUENCE SET; Schema: public; Owner: postgres
--

SELECT pg_catalog.setval('public.routes_id_seq', 6, true);


--
-- Name: seats_id_seq; Type: SEQUENCE SET; Schema: public; Owner: postgres
--

SELECT pg_catalog.setval('public.seats_id_seq', 202, true);


--
-- Name: social_auth_association_id_seq; Type: SEQUENCE SET; Schema: public; Owner: postgres
--

SELECT pg_catalog.setval('public.social_auth_association_id_seq', 1, false);


--
-- Name: social_auth_code_id_seq; Type: SEQUENCE SET; Schema: public; Owner: postgres
--

SELECT pg_catalog.setval('public.social_auth_code_id_seq', 1, false);


--
-- Name: social_auth_nonce_id_seq; Type: SEQUENCE SET; Schema: public; Owner: postgres
--

SELECT pg_catalog.setval('public.social_auth_nonce_id_seq', 1, false);


--
-- Name: social_auth_partial_id_seq; Type: SEQUENCE SET; Schema: public; Owner: postgres
--

SELECT pg_catalog.setval('public.social_auth_partial_id_seq', 1, false);


--
-- Name: social_auth_usersocialauth_id_seq; Type: SEQUENCE SET; Schema: public; Owner: postgres
--

SELECT pg_catalog.setval('public.social_auth_usersocialauth_id_seq', 1, false);


--
-- Name: tickets_id_seq; Type: SEQUENCE SET; Schema: public; Owner: postgres
--

SELECT pg_catalog.setval('public.tickets_id_seq', 10, true);


--
-- Name: trips_id_seq; Type: SEQUENCE SET; Schema: public; Owner: postgres
--

SELECT pg_catalog.setval('public.trips_id_seq', 7, true);


--
-- Name: user_sessions_id_seq; Type: SEQUENCE SET; Schema: public; Owner: postgres
--

SELECT pg_catalog.setval('public.user_sessions_id_seq', 18, true);


--
-- Name: users_id_seq; Type: SEQUENCE SET; Schema: public; Owner: postgres
--

SELECT pg_catalog.setval('public.users_id_seq', 4, true);


--
-- Name: auth_group auth_group_name_key; Type: CONSTRAINT; Schema: public; Owner: postgres
--

ALTER TABLE ONLY public.auth_group
    ADD CONSTRAINT auth_group_name_key UNIQUE (name);


--
-- Name: auth_group_permissions auth_group_permissions_group_id_permission_id_0cd325b0_uniq; Type: CONSTRAINT; Schema: public; Owner: postgres
--

ALTER TABLE ONLY public.auth_group_permissions
    ADD CONSTRAINT auth_group_permissions_group_id_permission_id_0cd325b0_uniq UNIQUE (group_id, permission_id);


--
-- Name: auth_group_permissions auth_group_permissions_pkey; Type: CONSTRAINT; Schema: public; Owner: postgres
--

ALTER TABLE ONLY public.auth_group_permissions
    ADD CONSTRAINT auth_group_permissions_pkey PRIMARY KEY (id);


--
-- Name: auth_group auth_group_pkey; Type: CONSTRAINT; Schema: public; Owner: postgres
--

ALTER TABLE ONLY public.auth_group
    ADD CONSTRAINT auth_group_pkey PRIMARY KEY (id);


--
-- Name: auth_permission auth_permission_content_type_id_codename_01ab375a_uniq; Type: CONSTRAINT; Schema: public; Owner: postgres
--

ALTER TABLE ONLY public.auth_permission
    ADD CONSTRAINT auth_permission_content_type_id_codename_01ab375a_uniq UNIQUE (content_type_id, codename);


--
-- Name: auth_permission auth_permission_pkey; Type: CONSTRAINT; Schema: public; Owner: postgres
--

ALTER TABLE ONLY public.auth_permission
    ADD CONSTRAINT auth_permission_pkey PRIMARY KEY (id);


--
-- Name: auth_user_groups auth_user_groups_pkey; Type: CONSTRAINT; Schema: public; Owner: postgres
--

ALTER TABLE ONLY public.auth_user_groups
    ADD CONSTRAINT auth_user_groups_pkey PRIMARY KEY (id);


--
-- Name: auth_user_groups auth_user_groups_user_id_group_id_94350c0c_uniq; Type: CONSTRAINT; Schema: public; Owner: postgres
--

ALTER TABLE ONLY public.auth_user_groups
    ADD CONSTRAINT auth_user_groups_user_id_group_id_94350c0c_uniq UNIQUE (user_id, group_id);


--
-- Name: auth_user auth_user_pkey; Type: CONSTRAINT; Schema: public; Owner: postgres
--

ALTER TABLE ONLY public.auth_user
    ADD CONSTRAINT auth_user_pkey PRIMARY KEY (id);


--
-- Name: auth_user_user_permissions auth_user_user_permissions_pkey; Type: CONSTRAINT; Schema: public; Owner: postgres
--

ALTER TABLE ONLY public.auth_user_user_permissions
    ADD CONSTRAINT auth_user_user_permissions_pkey PRIMARY KEY (id);


--
-- Name: auth_user_user_permissions auth_user_user_permissions_user_id_permission_id_14a6b632_uniq; Type: CONSTRAINT; Schema: public; Owner: postgres
--

ALTER TABLE ONLY public.auth_user_user_permissions
    ADD CONSTRAINT auth_user_user_permissions_user_id_permission_id_14a6b632_uniq UNIQUE (user_id, permission_id);


--
-- Name: auth_user auth_user_username_key; Type: CONSTRAINT; Schema: public; Owner: postgres
--

ALTER TABLE ONLY public.auth_user
    ADD CONSTRAINT auth_user_username_key UNIQUE (username);


--
-- Name: authtoken_token authtoken_token_pkey; Type: CONSTRAINT; Schema: public; Owner: postgres
--

ALTER TABLE ONLY public.authtoken_token
    ADD CONSTRAINT authtoken_token_pkey PRIMARY KEY (key);


--
-- Name: authtoken_token authtoken_token_user_id_key; Type: CONSTRAINT; Schema: public; Owner: postgres
--

ALTER TABLE ONLY public.authtoken_token
    ADD CONSTRAINT authtoken_token_user_id_key UNIQUE (user_id);


--
-- Name: bookings bookings_pkey; Type: CONSTRAINT; Schema: public; Owner: postgres
--

ALTER TABLE ONLY public.bookings
    ADD CONSTRAINT bookings_pkey PRIMARY KEY (id);


--
-- Name: buses buses_license_plate_key; Type: CONSTRAINT; Schema: public; Owner: postgres
--

ALTER TABLE ONLY public.buses
    ADD CONSTRAINT buses_license_plate_key UNIQUE (license_plate);


--
-- Name: buses buses_pkey; Type: CONSTRAINT; Schema: public; Owner: postgres
--

ALTER TABLE ONLY public.buses
    ADD CONSTRAINT buses_pkey PRIMARY KEY (id);


--
-- Name: django_admin_log django_admin_log_pkey; Type: CONSTRAINT; Schema: public; Owner: postgres
--

ALTER TABLE ONLY public.django_admin_log
    ADD CONSTRAINT django_admin_log_pkey PRIMARY KEY (id);


--
-- Name: django_content_type django_content_type_app_label_model_76bd3d3b_uniq; Type: CONSTRAINT; Schema: public; Owner: postgres
--

ALTER TABLE ONLY public.django_content_type
    ADD CONSTRAINT django_content_type_app_label_model_76bd3d3b_uniq UNIQUE (app_label, model);


--
-- Name: django_content_type django_content_type_pkey; Type: CONSTRAINT; Schema: public; Owner: postgres
--

ALTER TABLE ONLY public.django_content_type
    ADD CONSTRAINT django_content_type_pkey PRIMARY KEY (id);


--
-- Name: django_migrations django_migrations_pkey; Type: CONSTRAINT; Schema: public; Owner: postgres
--

ALTER TABLE ONLY public.django_migrations
    ADD CONSTRAINT django_migrations_pkey PRIMARY KEY (id);


--
-- Name: django_session django_session_pkey; Type: CONSTRAINT; Schema: public; Owner: postgres
--

ALTER TABLE ONLY public.django_session
    ADD CONSTRAINT django_session_pkey PRIMARY KEY (session_key);


--
-- Name: locations locations_pkey; Type: CONSTRAINT; Schema: public; Owner: postgres
--

ALTER TABLE ONLY public.locations
    ADD CONSTRAINT locations_pkey PRIMARY KEY (id);


--
-- Name: payments payments_pkey; Type: CONSTRAINT; Schema: public; Owner: postgres
--

ALTER TABLE ONLY public.payments
    ADD CONSTRAINT payments_pkey PRIMARY KEY (id);


--
-- Name: payments payments_transaction_code_key; Type: CONSTRAINT; Schema: public; Owner: postgres
--

ALTER TABLE ONLY public.payments
    ADD CONSTRAINT payments_transaction_code_key UNIQUE (transaction_code);


--
-- Name: routes routes_pkey; Type: CONSTRAINT; Schema: public; Owner: postgres
--

ALTER TABLE ONLY public.routes
    ADD CONSTRAINT routes_pkey PRIMARY KEY (id);


--
-- Name: routes routes_start_location_id_end_location_id_47173a8c_uniq; Type: CONSTRAINT; Schema: public; Owner: postgres
--

ALTER TABLE ONLY public.routes
    ADD CONSTRAINT routes_start_location_id_end_location_id_47173a8c_uniq UNIQUE (start_location_id, end_location_id);


--
-- Name: seats seats_bus_id_seat_number_5458c34b_uniq; Type: CONSTRAINT; Schema: public; Owner: postgres
--

ALTER TABLE ONLY public.seats
    ADD CONSTRAINT seats_bus_id_seat_number_5458c34b_uniq UNIQUE (bus_id, seat_number);


--
-- Name: seats seats_pkey; Type: CONSTRAINT; Schema: public; Owner: postgres
--

ALTER TABLE ONLY public.seats
    ADD CONSTRAINT seats_pkey PRIMARY KEY (id);


--
-- Name: social_auth_association social_auth_association_pkey; Type: CONSTRAINT; Schema: public; Owner: postgres
--

ALTER TABLE ONLY public.social_auth_association
    ADD CONSTRAINT social_auth_association_pkey PRIMARY KEY (id);


--
-- Name: social_auth_association social_auth_association_server_url_handle_078befa2_uniq; Type: CONSTRAINT; Schema: public; Owner: postgres
--

ALTER TABLE ONLY public.social_auth_association
    ADD CONSTRAINT social_auth_association_server_url_handle_078befa2_uniq UNIQUE (server_url, handle);


--
-- Name: social_auth_code social_auth_code_email_code_801b2d02_uniq; Type: CONSTRAINT; Schema: public; Owner: postgres
--

ALTER TABLE ONLY public.social_auth_code
    ADD CONSTRAINT social_auth_code_email_code_801b2d02_uniq UNIQUE (email, code);


--
-- Name: social_auth_code social_auth_code_pkey; Type: CONSTRAINT; Schema: public; Owner: postgres
--

ALTER TABLE ONLY public.social_auth_code
    ADD CONSTRAINT social_auth_code_pkey PRIMARY KEY (id);


--
-- Name: social_auth_nonce social_auth_nonce_pkey; Type: CONSTRAINT; Schema: public; Owner: postgres
--

ALTER TABLE ONLY public.social_auth_nonce
    ADD CONSTRAINT social_auth_nonce_pkey PRIMARY KEY (id);


--
-- Name: social_auth_nonce social_auth_nonce_server_url_timestamp_salt_f6284463_uniq; Type: CONSTRAINT; Schema: public; Owner: postgres
--

ALTER TABLE ONLY public.social_auth_nonce
    ADD CONSTRAINT social_auth_nonce_server_url_timestamp_salt_f6284463_uniq UNIQUE (server_url, "timestamp", salt);


--
-- Name: social_auth_partial social_auth_partial_pkey; Type: CONSTRAINT; Schema: public; Owner: postgres
--

ALTER TABLE ONLY public.social_auth_partial
    ADD CONSTRAINT social_auth_partial_pkey PRIMARY KEY (id);


--
-- Name: social_auth_usersocialauth social_auth_usersocialauth_pkey; Type: CONSTRAINT; Schema: public; Owner: postgres
--

ALTER TABLE ONLY public.social_auth_usersocialauth
    ADD CONSTRAINT social_auth_usersocialauth_pkey PRIMARY KEY (id);


--
-- Name: social_auth_usersocialauth social_auth_usersocialauth_provider_uid_e6b5e668_uniq; Type: CONSTRAINT; Schema: public; Owner: postgres
--

ALTER TABLE ONLY public.social_auth_usersocialauth
    ADD CONSTRAINT social_auth_usersocialauth_provider_uid_e6b5e668_uniq UNIQUE (provider, uid);


--
-- Name: tickets tickets_pkey; Type: CONSTRAINT; Schema: public; Owner: postgres
--

ALTER TABLE ONLY public.tickets
    ADD CONSTRAINT tickets_pkey PRIMARY KEY (id);


--
-- Name: tickets tickets_trip_id_seat_id_a241093c_uniq; Type: CONSTRAINT; Schema: public; Owner: postgres
--

ALTER TABLE ONLY public.tickets
    ADD CONSTRAINT tickets_trip_id_seat_id_a241093c_uniq UNIQUE (trip_id, seat_id);


--
-- Name: trips trips_pkey; Type: CONSTRAINT; Schema: public; Owner: postgres
--

ALTER TABLE ONLY public.trips
    ADD CONSTRAINT trips_pkey PRIMARY KEY (id);


--
-- Name: wallets unique_user_id; Type: CONSTRAINT; Schema: public; Owner: postgres
--

ALTER TABLE ONLY public.wallets
    ADD CONSTRAINT unique_user_id UNIQUE (user_id);


--
-- Name: user_sessions user_sessions_pkey; Type: CONSTRAINT; Schema: public; Owner: postgres
--

ALTER TABLE ONLY public.user_sessions
    ADD CONSTRAINT user_sessions_pkey PRIMARY KEY (id);


--
-- Name: user_sessions user_sessions_session_key_key; Type: CONSTRAINT; Schema: public; Owner: postgres
--

ALTER TABLE ONLY public.user_sessions
    ADD CONSTRAINT user_sessions_session_key_key UNIQUE (session_key);


--
-- Name: users users_email_key; Type: CONSTRAINT; Schema: public; Owner: postgres
--

ALTER TABLE ONLY public.users
    ADD CONSTRAINT users_email_key UNIQUE (email);


--
-- Name: users users_pkey; Type: CONSTRAINT; Schema: public; Owner: postgres
--

ALTER TABLE ONLY public.users
    ADD CONSTRAINT users_pkey PRIMARY KEY (id);


--
-- Name: users users_username_key; Type: CONSTRAINT; Schema: public; Owner: postgres
--

ALTER TABLE ONLY public.users
    ADD CONSTRAINT users_username_key UNIQUE (username);


--
-- Name: wallets wallets_pkey; Type: CONSTRAINT; Schema: public; Owner: postgres
--

ALTER TABLE ONLY public.wallets
    ADD CONSTRAINT wallets_pkey PRIMARY KEY (id);


--
-- Name: auth_group_name_a6ea08ec_like; Type: INDEX; Schema: public; Owner: postgres
--

CREATE INDEX auth_group_name_a6ea08ec_like ON public.auth_group USING btree (name varchar_pattern_ops);


--
-- Name: auth_group_permissions_group_id_b120cbf9; Type: INDEX; Schema: public; Owner: postgres
--

CREATE INDEX auth_group_permissions_group_id_b120cbf9 ON public.auth_group_permissions USING btree (group_id);


--
-- Name: auth_group_permissions_permission_id_84c5c92e; Type: INDEX; Schema: public; Owner: postgres
--

CREATE INDEX auth_group_permissions_permission_id_84c5c92e ON public.auth_group_permissions USING btree (permission_id);


--
-- Name: auth_permission_content_type_id_2f476e4b; Type: INDEX; Schema: public; Owner: postgres
--

CREATE INDEX auth_permission_content_type_id_2f476e4b ON public.auth_permission USING btree (content_type_id);


--
-- Name: auth_user_groups_group_id_97559544; Type: INDEX; Schema: public; Owner: postgres
--

CREATE INDEX auth_user_groups_group_id_97559544 ON public.auth_user_groups USING btree (group_id);


--
-- Name: auth_user_groups_user_id_6a12ed8b; Type: INDEX; Schema: public; Owner: postgres
--

CREATE INDEX auth_user_groups_user_id_6a12ed8b ON public.auth_user_groups USING btree (user_id);


--
-- Name: auth_user_user_permissions_permission_id_1fbb5f2c; Type: INDEX; Schema: public; Owner: postgres
--

CREATE INDEX auth_user_user_permissions_permission_id_1fbb5f2c ON public.auth_user_user_permissions USING btree (permission_id);


--
-- Name: auth_user_user_permissions_user_id_a95ead1b; Type: INDEX; Schema: public; Owner: postgres
--

CREATE INDEX auth_user_user_permissions_user_id_a95ead1b ON public.auth_user_user_permissions USING btree (user_id);


--
-- Name: auth_user_username_6821ab7c_like; Type: INDEX; Schema: public; Owner: postgres
--

CREATE INDEX auth_user_username_6821ab7c_like ON public.auth_user USING btree (username varchar_pattern_ops);


--
-- Name: authtoken_token_key_10f0b77e_like; Type: INDEX; Schema: public; Owner: postgres
--

CREATE INDEX authtoken_token_key_10f0b77e_like ON public.authtoken_token USING btree (key varchar_pattern_ops);


--
-- Name: bookings_trip_id_89bc46e9; Type: INDEX; Schema: public; Owner: postgres
--

CREATE INDEX bookings_trip_id_89bc46e9 ON public.bookings USING btree (trip_id);


--
-- Name: bookings_user_id_6e734b08; Type: INDEX; Schema: public; Owner: postgres
--

CREATE INDEX bookings_user_id_6e734b08 ON public.bookings USING btree (user_id);


--
-- Name: buses_license_plate_b7203ba4_like; Type: INDEX; Schema: public; Owner: postgres
--

CREATE INDEX buses_license_plate_b7203ba4_like ON public.buses USING btree (license_plate varchar_pattern_ops);


--
-- Name: django_admin_log_content_type_id_c4bce8eb; Type: INDEX; Schema: public; Owner: postgres
--

CREATE INDEX django_admin_log_content_type_id_c4bce8eb ON public.django_admin_log USING btree (content_type_id);


--
-- Name: django_admin_log_user_id_c564eba6; Type: INDEX; Schema: public; Owner: postgres
--

CREATE INDEX django_admin_log_user_id_c564eba6 ON public.django_admin_log USING btree (user_id);


--
-- Name: django_session_expire_date_a5c62663; Type: INDEX; Schema: public; Owner: postgres
--

CREATE INDEX django_session_expire_date_a5c62663 ON public.django_session USING btree (expire_date);


--
-- Name: django_session_session_key_c0390e0f_like; Type: INDEX; Schema: public; Owner: postgres
--

CREATE INDEX django_session_session_key_c0390e0f_like ON public.django_session USING btree (session_key varchar_pattern_ops);


--
-- Name: idx_payments_wallet_id; Type: INDEX; Schema: public; Owner: postgres
--

CREATE INDEX idx_payments_wallet_id ON public.payments USING btree (wallet_id);


--
-- Name: idx_wallets_user_id; Type: INDEX; Schema: public; Owner: postgres
--

CREATE INDEX idx_wallets_user_id ON public.wallets USING btree (user_id);


--
-- Name: payments_booking_id_fa2b6c3e; Type: INDEX; Schema: public; Owner: postgres
--

CREATE INDEX payments_booking_id_fa2b6c3e ON public.payments USING btree (booking_id);


--
-- Name: payments_transaction_code_8e1acb6c_like; Type: INDEX; Schema: public; Owner: postgres
--

CREATE INDEX payments_transaction_code_8e1acb6c_like ON public.payments USING btree (transaction_code varchar_pattern_ops);


--
-- Name: routes_end_location_id_887fe0af; Type: INDEX; Schema: public; Owner: postgres
--

CREATE INDEX routes_end_location_id_887fe0af ON public.routes USING btree (end_location_id);


--
-- Name: routes_start_location_id_355e3cb1; Type: INDEX; Schema: public; Owner: postgres
--

CREATE INDEX routes_start_location_id_355e3cb1 ON public.routes USING btree (start_location_id);


--
-- Name: seats_bus_id_6ef4699d; Type: INDEX; Schema: public; Owner: postgres
--

CREATE INDEX seats_bus_id_6ef4699d ON public.seats USING btree (bus_id);


--
-- Name: social_auth_code_code_a2393167; Type: INDEX; Schema: public; Owner: postgres
--

CREATE INDEX social_auth_code_code_a2393167 ON public.social_auth_code USING btree (code);


--
-- Name: social_auth_code_code_a2393167_like; Type: INDEX; Schema: public; Owner: postgres
--

CREATE INDEX social_auth_code_code_a2393167_like ON public.social_auth_code USING btree (code varchar_pattern_ops);


--
-- Name: social_auth_code_timestamp_176b341f; Type: INDEX; Schema: public; Owner: postgres
--

CREATE INDEX social_auth_code_timestamp_176b341f ON public.social_auth_code USING btree ("timestamp");


--
-- Name: social_auth_partial_timestamp_50f2119f; Type: INDEX; Schema: public; Owner: postgres
--

CREATE INDEX social_auth_partial_timestamp_50f2119f ON public.social_auth_partial USING btree ("timestamp");


--
-- Name: social_auth_partial_token_3017fea3; Type: INDEX; Schema: public; Owner: postgres
--

CREATE INDEX social_auth_partial_token_3017fea3 ON public.social_auth_partial USING btree (token);


--
-- Name: social_auth_partial_token_3017fea3_like; Type: INDEX; Schema: public; Owner: postgres
--

CREATE INDEX social_auth_partial_token_3017fea3_like ON public.social_auth_partial USING btree (token varchar_pattern_ops);


--
-- Name: social_auth_usersocialauth_uid_796e51dc; Type: INDEX; Schema: public; Owner: postgres
--

CREATE INDEX social_auth_usersocialauth_uid_796e51dc ON public.social_auth_usersocialauth USING btree (uid);


--
-- Name: social_auth_usersocialauth_uid_796e51dc_like; Type: INDEX; Schema: public; Owner: postgres
--

CREATE INDEX social_auth_usersocialauth_uid_796e51dc_like ON public.social_auth_usersocialauth USING btree (uid varchar_pattern_ops);


--
-- Name: social_auth_usersocialauth_user_id_17d28448; Type: INDEX; Schema: public; Owner: postgres
--

CREATE INDEX social_auth_usersocialauth_user_id_17d28448 ON public.social_auth_usersocialauth USING btree (user_id);


--
-- Name: tickets_booking_id_d9ce02d0; Type: INDEX; Schema: public; Owner: postgres
--

CREATE INDEX tickets_booking_id_d9ce02d0 ON public.tickets USING btree (booking_id);


--
-- Name: tickets_seat_id_e8dc5a36; Type: INDEX; Schema: public; Owner: postgres
--

CREATE INDEX tickets_seat_id_e8dc5a36 ON public.tickets USING btree (seat_id);


--
-- Name: tickets_trip_id_b68c10e7; Type: INDEX; Schema: public; Owner: postgres
--

CREATE INDEX tickets_trip_id_b68c10e7 ON public.tickets USING btree (trip_id);


--
-- Name: trips_bus_id_0f292d2d; Type: INDEX; Schema: public; Owner: postgres
--

CREATE INDEX trips_bus_id_0f292d2d ON public.trips USING btree (bus_id);


--
-- Name: trips_route_id_715fed1b; Type: INDEX; Schema: public; Owner: postgres
--

CREATE INDEX trips_route_id_715fed1b ON public.trips USING btree (route_id);


--
-- Name: user_sessions_session_key_5c5616a8_like; Type: INDEX; Schema: public; Owner: postgres
--

CREATE INDEX user_sessions_session_key_5c5616a8_like ON public.user_sessions USING btree (session_key varchar_pattern_ops);


--
-- Name: user_sessions_user_id_43ce9642; Type: INDEX; Schema: public; Owner: postgres
--

CREATE INDEX user_sessions_user_id_43ce9642 ON public.user_sessions USING btree (user_id);


--
-- Name: users_email_0ea73cca_like; Type: INDEX; Schema: public; Owner: postgres
--

CREATE INDEX users_email_0ea73cca_like ON public.users USING btree (email varchar_pattern_ops);


--
-- Name: users_username_e8658fc8_like; Type: INDEX; Schema: public; Owner: postgres
--

CREATE INDEX users_username_e8658fc8_like ON public.users USING btree (username varchar_pattern_ops);


--
-- Name: auth_group_permissions auth_group_permissio_permission_id_84c5c92e_fk_auth_perm; Type: FK CONSTRAINT; Schema: public; Owner: postgres
--

ALTER TABLE ONLY public.auth_group_permissions
    ADD CONSTRAINT auth_group_permissio_permission_id_84c5c92e_fk_auth_perm FOREIGN KEY (permission_id) REFERENCES public.auth_permission(id) DEFERRABLE INITIALLY DEFERRED;


--
-- Name: auth_group_permissions auth_group_permissions_group_id_b120cbf9_fk_auth_group_id; Type: FK CONSTRAINT; Schema: public; Owner: postgres
--

ALTER TABLE ONLY public.auth_group_permissions
    ADD CONSTRAINT auth_group_permissions_group_id_b120cbf9_fk_auth_group_id FOREIGN KEY (group_id) REFERENCES public.auth_group(id) DEFERRABLE INITIALLY DEFERRED;


--
-- Name: auth_permission auth_permission_content_type_id_2f476e4b_fk_django_co; Type: FK CONSTRAINT; Schema: public; Owner: postgres
--

ALTER TABLE ONLY public.auth_permission
    ADD CONSTRAINT auth_permission_content_type_id_2f476e4b_fk_django_co FOREIGN KEY (content_type_id) REFERENCES public.django_content_type(id) DEFERRABLE INITIALLY DEFERRED;


--
-- Name: auth_user_groups auth_user_groups_group_id_97559544_fk_auth_group_id; Type: FK CONSTRAINT; Schema: public; Owner: postgres
--

ALTER TABLE ONLY public.auth_user_groups
    ADD CONSTRAINT auth_user_groups_group_id_97559544_fk_auth_group_id FOREIGN KEY (group_id) REFERENCES public.auth_group(id) DEFERRABLE INITIALLY DEFERRED;


--
-- Name: auth_user_groups auth_user_groups_user_id_6a12ed8b_fk_auth_user_id; Type: FK CONSTRAINT; Schema: public; Owner: postgres
--

ALTER TABLE ONLY public.auth_user_groups
    ADD CONSTRAINT auth_user_groups_user_id_6a12ed8b_fk_auth_user_id FOREIGN KEY (user_id) REFERENCES public.auth_user(id) DEFERRABLE INITIALLY DEFERRED;


--
-- Name: auth_user_user_permissions auth_user_user_permi_permission_id_1fbb5f2c_fk_auth_perm; Type: FK CONSTRAINT; Schema: public; Owner: postgres
--

ALTER TABLE ONLY public.auth_user_user_permissions
    ADD CONSTRAINT auth_user_user_permi_permission_id_1fbb5f2c_fk_auth_perm FOREIGN KEY (permission_id) REFERENCES public.auth_permission(id) DEFERRABLE INITIALLY DEFERRED;


--
-- Name: auth_user_user_permissions auth_user_user_permissions_user_id_a95ead1b_fk_auth_user_id; Type: FK CONSTRAINT; Schema: public; Owner: postgres
--

ALTER TABLE ONLY public.auth_user_user_permissions
    ADD CONSTRAINT auth_user_user_permissions_user_id_a95ead1b_fk_auth_user_id FOREIGN KEY (user_id) REFERENCES public.auth_user(id) DEFERRABLE INITIALLY DEFERRED;


--
-- Name: authtoken_token authtoken_token_user_id_35299eff_fk_auth_user_id; Type: FK CONSTRAINT; Schema: public; Owner: postgres
--

ALTER TABLE ONLY public.authtoken_token
    ADD CONSTRAINT authtoken_token_user_id_35299eff_fk_auth_user_id FOREIGN KEY (user_id) REFERENCES public.auth_user(id) DEFERRABLE INITIALLY DEFERRED;


--
-- Name: bookings bookings_trip_id_89bc46e9_fk_trips_id; Type: FK CONSTRAINT; Schema: public; Owner: postgres
--

ALTER TABLE ONLY public.bookings
    ADD CONSTRAINT bookings_trip_id_89bc46e9_fk_trips_id FOREIGN KEY (trip_id) REFERENCES public.trips(id) DEFERRABLE INITIALLY DEFERRED;


--
-- Name: bookings bookings_user_id_6e734b08_fk_users_id; Type: FK CONSTRAINT; Schema: public; Owner: postgres
--

ALTER TABLE ONLY public.bookings
    ADD CONSTRAINT bookings_user_id_6e734b08_fk_users_id FOREIGN KEY (user_id) REFERENCES public.users(id) DEFERRABLE INITIALLY DEFERRED;


--
-- Name: django_admin_log django_admin_log_content_type_id_c4bce8eb_fk_django_co; Type: FK CONSTRAINT; Schema: public; Owner: postgres
--

ALTER TABLE ONLY public.django_admin_log
    ADD CONSTRAINT django_admin_log_content_type_id_c4bce8eb_fk_django_co FOREIGN KEY (content_type_id) REFERENCES public.django_content_type(id) DEFERRABLE INITIALLY DEFERRED;


--
-- Name: django_admin_log django_admin_log_user_id_c564eba6_fk_auth_user_id; Type: FK CONSTRAINT; Schema: public; Owner: postgres
--

ALTER TABLE ONLY public.django_admin_log
    ADD CONSTRAINT django_admin_log_user_id_c564eba6_fk_auth_user_id FOREIGN KEY (user_id) REFERENCES public.auth_user(id) DEFERRABLE INITIALLY DEFERRED;


--
-- Name: django_admin_log django_admin_log_user_id_c564eba6_fk_users_id; Type: FK CONSTRAINT; Schema: public; Owner: postgres
--

ALTER TABLE ONLY public.django_admin_log
    ADD CONSTRAINT django_admin_log_user_id_c564eba6_fk_users_id FOREIGN KEY (user_id) REFERENCES public.users(id) DEFERRABLE INITIALLY DEFERRED;


--
-- Name: wallets fk_user; Type: FK CONSTRAINT; Schema: public; Owner: postgres
--

ALTER TABLE ONLY public.wallets
    ADD CONSTRAINT fk_user FOREIGN KEY (user_id) REFERENCES public.users(id) ON DELETE CASCADE;


--
-- Name: payments fk_wallet; Type: FK CONSTRAINT; Schema: public; Owner: postgres
--

ALTER TABLE ONLY public.payments
    ADD CONSTRAINT fk_wallet FOREIGN KEY (wallet_id) REFERENCES public.wallets(id) ON DELETE SET NULL;


--
-- Name: payments payments_booking_id_fa2b6c3e_fk_bookings_id; Type: FK CONSTRAINT; Schema: public; Owner: postgres
--

ALTER TABLE ONLY public.payments
    ADD CONSTRAINT payments_booking_id_fa2b6c3e_fk_bookings_id FOREIGN KEY (booking_id) REFERENCES public.bookings(id) DEFERRABLE INITIALLY DEFERRED;


--
-- Name: routes routes_end_location_id_887fe0af_fk_locations_id; Type: FK CONSTRAINT; Schema: public; Owner: postgres
--

ALTER TABLE ONLY public.routes
    ADD CONSTRAINT routes_end_location_id_887fe0af_fk_locations_id FOREIGN KEY (end_location_id) REFERENCES public.locations(id) DEFERRABLE INITIALLY DEFERRED;


--
-- Name: routes routes_start_location_id_355e3cb1_fk_locations_id; Type: FK CONSTRAINT; Schema: public; Owner: postgres
--

ALTER TABLE ONLY public.routes
    ADD CONSTRAINT routes_start_location_id_355e3cb1_fk_locations_id FOREIGN KEY (start_location_id) REFERENCES public.locations(id) DEFERRABLE INITIALLY DEFERRED;


--
-- Name: seats seats_bus_id_6ef4699d_fk_buses_id; Type: FK CONSTRAINT; Schema: public; Owner: postgres
--

ALTER TABLE ONLY public.seats
    ADD CONSTRAINT seats_bus_id_6ef4699d_fk_buses_id FOREIGN KEY (bus_id) REFERENCES public.buses(id) DEFERRABLE INITIALLY DEFERRED;


--
-- Name: social_auth_usersocialauth social_auth_usersocialauth_user_id_17d28448_fk_auth_user_id; Type: FK CONSTRAINT; Schema: public; Owner: postgres
--

ALTER TABLE ONLY public.social_auth_usersocialauth
    ADD CONSTRAINT social_auth_usersocialauth_user_id_17d28448_fk_auth_user_id FOREIGN KEY (user_id) REFERENCES public.auth_user(id) DEFERRABLE INITIALLY DEFERRED;


--
-- Name: social_auth_usersocialauth social_auth_usersocialauth_user_id_17d28448_fk_users_id; Type: FK CONSTRAINT; Schema: public; Owner: postgres
--

ALTER TABLE ONLY public.social_auth_usersocialauth
    ADD CONSTRAINT social_auth_usersocialauth_user_id_17d28448_fk_users_id FOREIGN KEY (user_id) REFERENCES public.users(id) DEFERRABLE INITIALLY DEFERRED;


--
-- Name: tickets tickets_booking_id_d9ce02d0_fk_bookings_id; Type: FK CONSTRAINT; Schema: public; Owner: postgres
--

ALTER TABLE ONLY public.tickets
    ADD CONSTRAINT tickets_booking_id_d9ce02d0_fk_bookings_id FOREIGN KEY (booking_id) REFERENCES public.bookings(id) DEFERRABLE INITIALLY DEFERRED;


--
-- Name: tickets tickets_seat_id_e8dc5a36_fk_seats_id; Type: FK CONSTRAINT; Schema: public; Owner: postgres
--

ALTER TABLE ONLY public.tickets
    ADD CONSTRAINT tickets_seat_id_e8dc5a36_fk_seats_id FOREIGN KEY (seat_id) REFERENCES public.seats(id) DEFERRABLE INITIALLY DEFERRED;


--
-- Name: tickets tickets_trip_id_b68c10e7_fk_trips_id; Type: FK CONSTRAINT; Schema: public; Owner: postgres
--

ALTER TABLE ONLY public.tickets
    ADD CONSTRAINT tickets_trip_id_b68c10e7_fk_trips_id FOREIGN KEY (trip_id) REFERENCES public.trips(id) DEFERRABLE INITIALLY DEFERRED;


--
-- Name: trips trips_bus_id_0f292d2d_fk_buses_id; Type: FK CONSTRAINT; Schema: public; Owner: postgres
--

ALTER TABLE ONLY public.trips
    ADD CONSTRAINT trips_bus_id_0f292d2d_fk_buses_id FOREIGN KEY (bus_id) REFERENCES public.buses(id) DEFERRABLE INITIALLY DEFERRED;


--
-- Name: trips trips_route_id_715fed1b_fk_routes_id; Type: FK CONSTRAINT; Schema: public; Owner: postgres
--

ALTER TABLE ONLY public.trips
    ADD CONSTRAINT trips_route_id_715fed1b_fk_routes_id FOREIGN KEY (route_id) REFERENCES public.routes(id) DEFERRABLE INITIALLY DEFERRED;


--
-- Name: user_sessions user_sessions_user_id_43ce9642_fk_users_id; Type: FK CONSTRAINT; Schema: public; Owner: postgres
--

ALTER TABLE ONLY public.user_sessions
    ADD CONSTRAINT user_sessions_user_id_43ce9642_fk_users_id FOREIGN KEY (user_id) REFERENCES public.users(id) DEFERRABLE INITIALLY DEFERRED;


--
-- PostgreSQL database dump complete
--

\unrestrict QzDwqteTZGTFk0siPA8mJjWLco8LnFz66mgUWLBotp5fWVhQSLMz8V2R9vuc5aW

